{"stats":{"minecraft:killed":{"minecraft:spider":1,"minecraft:skeleton":2,"artifacts:mimic":1,"minecraft:pig":1,"minecraft:sheep":4,"minecraft:zombie":15},"minecraft:killed_by":{"minecraft:wither_skeleton":1,"minecraft:magma_cube":3,"minecraft:blaze":6,"minecraft:zombie":4},"minecraft:used":{"minecraft:cherry_boat":1,"minecraft:stone_sword":46,"minecraft:chest":1,"minecraft:spruce_planks":18,"minecraft:white_terracotta":10,"minecraft:shield":17,"minecraft:iron_sword":145,"minecraft:stone_hoe":47,"simpletomb:grave_key":3,"minecraft:torch":50,"minecraft:dirt":59,"minecraft:chainmail_chestplate":1,"minecraft:carrot":1,"minecraft:tuff":1,"minecraft:lava_bucket":45,"minecraft:iron_helmet":18,"minecraft:emerald_block":1,"tombstone:gift":12,"minecraft:trapped_chest":1,"travelersbackpack:fox":17,"minecraft:iron_leggings":1,"minecraft:baked_potato":26,"minecraft:stone_pickaxe":53,"minecraft:polished_andesite":11,"minecraft:oak_planks":97,"minecraft:wooden_pickaxe":10,"minecraft:cherry_planks":56,"minecraft:chainmail_helmet":1,"minecraft:diamond_axe":63,"minecraft:crafting_table":6,"minecraft:white_bed":15,"minecraft:black_bed":4,"minecraft:diamond_pickaxe":134,"minecraft:bread":49,"minecraft:iron_pickaxe":73,"tombstone:grave_key":2,"minecraft:stone_axe":69,"minecraft:coal_block":9,"minecraft:cobblestone":104,"minecraft:bucket":47,"minecraft:chainmail_leggings":1},"minecraft:broken":{"minecraft:iron_boots":2,"minecraft:iron_chestplate":3,"minecraft:iron_leggings":3,"minecraft:shield":1,"minecraft:iron_helmet":3},"minecraft:picked_up":{"minecraft:charcoal":96,"minecraft:crafting_table":2,"minecraft:chainmail_boots":1,"minecraft:potion":7,"minecraft:gold_block":1,"minecraft:enchanted_book":1,"minecraft:stone_brick_stairs":2,"tombstone:grave_key":2,"minecraft:brewing_stand":1,"minecraft:polished_deepslate":1,"minecraft:string":5,"minecraft:flint_and_steel":3,"minecraft:smooth_stone_slab":1,"minecraft:iron_leggings":2,"minecraft:netherite_scrap":29,"minecraft:cyan_carpet":1,"minecraft:oak_sign":1,"minecraft:sea_pickle":3,"minecraft:diamond_leggings":1,"minecraft:smooth_stone":1,"minecraft:spruce_planks":23,"minecraft:andesite_stairs":1,"minecraft:calcite":1,"minecraft:netherite_upgrade_smithing_template":1,"minecraft:iron_pickaxe":1,"minecraft:lectern":1,"minecraft:coal_block":13,"minecraft:chest":3,"minecraft:torch":66,"minecraft:porkchop":3,"minecraft:cherry_log":25,"minecraft:diorite":3,"tombstone:grave_dust":7,"minecraft:mangrove_sign":2,"minecraft:carrot":64,"minecraft:cauldron":3,"minecraft:dark_oak_planks":4,"minecraft:stone_sword":2,"minecraft:arrow":3,"minecraft:rotten_flesh":49,"minecraft:nether_bricks":3,"minecraft:diamond_boots":1,"minecraft:hay_block":42,"minecraft:iron_block":8,"minecraft:gold_ingot":59,"minecraft:white_terracotta":10,"minecraft:mutton":6,"minecraft:iron_bars":2,"minecraft:white_wool":7,"minecraft:cobblestone":173,"minecraft:pink_petals":2,"minecraft:andesite":1,"minecraft:black_bed":3,"minecraft:flint":92,"minecraft:oak_log":52,"minecraft:tuff":2,"minecraft:chainmail_chestplate":1,"minecraft:ancient_debris":2,"minecraft:gunpowder":18,"simpletomb:grave_key":1,"minecraft:mangrove_slab":4,"minecraft:dirt":74,"tombstone:gift":2,"minecraft:stone_bricks":2,"minecraft:gray_carpet":2,"minecraft:stonecutter":1,"minecraft:gray_terracotta":1,"minecraft:iron_ingot":101,"minecraft:stone_pickaxe":1,"minecraft:cobweb":5,"tombstone:bag_of_seeds":1,"minecraft:iron_sword":3,"minecraft:oak_planks":4,"minecraft:book":46,"minecraft:black_terracotta":3,"minecraft:emerald_block":3,"minecraft:stone_brick_slab":1,"minecraft:lava_bucket":1,"iceandfire:pixie_house_birch":2,"minecraft:nether_brick_stairs":3,"minecraft:blast_furnace":1,"minecraft:white_bed":13,"minecraft:diamond_block":1,"artifacts:scarf_of_invisibility":1,"minecraft:trapped_chest":1,"minecraft:red_terracotta":2,"minecraft:barrel":6,"travelersbackpack:fox":6,"minecraft:polished_andesite":17,"minecraft:dispenser":1,"minecraft:diamond":90,"minecraft:stone_axe":2,"minecraft:lever":1,"minecraft:chainmail_leggings":1,"minecraft:iron_helmet":4,"minecraft:granite":8,"minecraft:diamond_axe":2,"minecraft:golden_apple":1,"minecraft:chainmail_helmet":1,"minecraft:baked_potato":33,"tombstone:magic_scroll":1,"minecraft:netherrack":1,"minecraft:black_wool":1,"minecraft:coal":80,"minecraft:diamond_pickaxe":1,"iceandfire:raw_silver":1,"armorplus:lava_shard":6,"minecraft:ender_pearl":1},"minecraft:mined":{"minecraft:dark_oak_planks":5,"minecraft:tuff":2,"minecraft:spruce_planks":3,"minecraft:white_bed":14,"iceandfire:silver_ore":1,"minecraft:quartz_stairs":1,"minecraft:mossy_cobblestone":1,"minecraft:black_terracotta":4,"minecraft:andesite_stairs":1,"minecraft:cherry_log":25,"armorplus:ore_lava_crystal_stone":5,"minecraft:brewing_stand":1,"travelersbackpack:fox":1,"minecraft:nether_bricks":3,"minecraft:granite":3,"minecraft:grass_block":39,"minecraft:coal_block":3,"minecraft:spawner":32,"minecraft:hay_block":42,"minecraft:smooth_stone":3,"minecraft:waxed_oxidized_cut_copper":1,"minecraft:dark_oak_trapdoor":1,"minecraft:iron_ore":4,"minecraft:barrel":10,"minecraft:fire":1,"minecraft:andesite":1,"minecraft:gold_block":1,"minecraft:nether_brick_stairs":3,"minecraft:bookshelf":14,"minecraft:dirt_path":3,"minecraft:water_cauldron":3,"minecraft:iron_bars":4,"minecraft:stone":104,"minecraft:waxed_cut_copper":1,"minecraft:gray_terracotta":1,"minecraft:stone_brick_slab":1,"minecraft:crafting_table":2,"minecraft:torch":1,"minecraft:blast_furnace":1,"minecraft:calcite":1,"minecraft:chest":3,"minecraft:lectern":1,"minecraft:tall_grass":1,"minecraft:cobblestone":4,"minecraft:oak_planks":4,"minecraft:diorite":8,"minecraft:pink_petals":4,"minecraft:white_terracotta":10,"minecraft:red_terracotta":2,"minecraft:sea_pickle":1,"minecraft:birch_leaves":2,"minecraft:black_bed":2,"minecraft:stone_brick_stairs":1,"minecraft:smooth_stone_slab":2,"minecraft:grass":17,"minecraft:mangrove_slab":2,"minecraft:oak_log":53,"minecraft:cyan_carpet":1,"minecraft:cherry_leaves":1,"minecraft:yellow_concrete":2,"minecraft:dirt":25,"minecraft:gray_carpet":2,"minecraft:stone_bricks":6,"minecraft:stonecutter":1,"minecraft:polished_andesite":10,"minecraft:dispenser":1,"minecraft:netherrack":1,"minecraft:oak_leaves":9,"minecraft:deepslate":1,"minecraft:emerald_block":1},"minecraft:dropped":{"minecraft:nether_brick_stairs":3,"minecraft:iron_ingot":1,"minecraft:iron_sword":1,"minecraft:diamond_axe":2,"minecraft:baked_potato":1,"minecraft:diamond":4,"simpletomb:grave_key":1,"minecraft:iron_helmet":3,"minecraft:cobblestone":50,"minecraft:granite":9,"minecraft:coal":116,"minecraft:coal_block":1,"minecraft:lava_bucket":1,"minecraft:cobweb":4,"minecraft:dirt":11,"minecraft:diorite":2,"minecraft:torch":43,"tombstone:grave_key":2,"minecraft:cherry_planks":80,"minecraft:potion":2,"minecraft:iron_leggings":1,"minecraft:iron_pickaxe":2,"minecraft:smooth_stone":1,"iceandfire:pixie_house_birch":2,"minecraft:cyan_carpet":1,"minecraft:stone_axe":1,"minecraft:emerald_block":1,"minecraft:lever":1,"minecraft:stone_sword":1,"minecraft:smooth_stone_slab":1,"minecraft:black_terracotta":2,"minecraft:rotten_flesh":13,"minecraft:oak_planks":54,"minecraft:mangrove_sign":1,"minecraft:oak_sign":1,"minecraft:red_terracotta":2,"minecraft:flint_and_steel":1,"minecraft:spruce_planks":17,"minecraft:diamond_pickaxe":2,"minecraft:charcoal":126,"minecraft:andesite":1,"minecraft:ladder":1,"minecraft:stone_bricks":2,"minecraft:iron_bars":2,"travelersbackpack:fox":4,"minecraft:stone_pickaxe":1,"minecraft:stone_brick_stairs":2},"minecraft:crafted":{"minecraft:cherry_planks":100,"minecraft:oak_planks":208,"minecraft:coal":63,"minecraft:cherry_boat":1,"minecraft:iron_boots":2,"minecraft:stone_pickaxe":1,"minecraft:chest":1,"minecraft:stone_hoe":1,"minecraft:wheat":378,"minecraft:diamond_axe":1,"minecraft:crafting_table":4,"minecraft:iron_helmet":2,"minecraft:wooden_pickaxe":1,"minecraft:bucket":2,"minecraft:bread":126,"minecraft:iron_chestplate":2,"minecraft:shield":1,"minecraft:stick":20,"minecraft:iron_pickaxe":1,"minecraft:iron_leggings":1,"minecraft:white_bed":2,"minecraft:torch":108},"minecraft:custom":{"minecraft:mob_kills":28,"minecraft:interact_with_crafting_table":28,"minecraft:open_barrel":43,"minecraft:leave_game":11,"minecraft:time_since_death":11563,"minecraft:climb_one_cm":33628,"minecraft:sprint_one_cm":564967,"minecraft:walk_one_cm":578891,"minecraft:damage_blocked_by_shield":3240,"minecraft:drop":197,"minecraft:play_noteblock":1,"minecraft:play_time":309708,"minecraft:sneak_time":4455,"minecraft:deaths":110,"minecraft:walk_under_water_one_cm":25631,"minecraft:boat_one_cm":8370,"minecraft:jump":5595,"minecraft:walk_on_water_one_cm":41169,"minecraft:total_world_time":309708,"minecraft:tune_noteblock":1,"minecraft:sleep_in_bed":15,"minecraft:time_since_rest":9833,"minecraft:damage_taken":38339,"minecraft:trigger_trapped_chest":6,"minecraft:damage_dealt":4712,"minecraft:swim_one_cm":43449,"minecraft:fly_one_cm":1142389,"minecraft:open_chest":40,"minecraft:crouch_one_cm":6180,"tombstone:undead_killed":17,"minecraft:inspect_dispenser":1,"minecraft:fall_one_cm":138637}},"DataVersion":3465}