{"stats":{"minecraft:killed":{"minecraft:spider":1,"minecraft:skeleton":3,"artifacts:mimic":1,"minecraft:pig":1,"minecraft:salmon":3,"minecraft:sheep":12,"minecraft:pillager":4,"minecraft:zombie":42,"iceandfire:sea_serpent":2,"minecraft:drowned":1,"iceandfire:ghost":4},"minecraft:killed_by":{"minecraft:wither_skeleton":1,"minecraft:magma_cube":3,"iceandfire:ice_dragon":1,"minecraft:blaze":6,"minecraft:zombie":5},"minecraft:used":{"minecraft:chest":1,"minecraft:white_terracotta":10,"minecraft:shield":27,"minecraft:iron_sword":624,"minecraft:iron_chestplate":1,"minecraft:carrot":1,"travelersbackpack:iron":12,"minecraft:tuff":1,"minecraft:lava_bucket":47,"minecraft:iron_helmet":18,"iceandfire:earplugs":1,"iceandfire:frozen_cobblestone":3,"minecraft:diorite":11,"minecraft:diamond_boots":1,"minecraft:stone_pickaxe":53,"minecraft:oak_planks":109,"minecraft:ender_pearl":1,"minecraft:wooden_pickaxe":10,"minecraft:chainmail_helmet":1,"minecraft:diamond_axe":100,"minecraft:netherite_helmet":1,"minecraft:black_bed":4,"minecraft:bread":141,"tombstone:grave_key":4,"minecraft:gravel":1,"minecraft:coal_block":9,"minecraft:smithing_table":1,"minecraft:andesite":10,"minecraft:cherry_boat":1,"minecraft:stone_sword":46,"minecraft:flint_and_steel":31,"minecraft:spruce_planks":18,"minecraft:stone_hoe":47,"simpletomb:grave_key":4,"minecraft:torch":158,"minecraft:dirt":102,"minecraft:chainmail_chestplate":1,"minecraft:diamond_helmet":2,"travelersbackpack:cactus":4,"minecraft:emerald_block":1,"tombstone:gift":13,"minecraft:trapped_chest":1,"minecraft:cobbled_deepslate":24,"minecraft:acacia_planks":12,"travelersbackpack:fox":49,"minecraft:iron_leggings":1,"minecraft:acacia_boat":4,"minecraft:polished_andesite":11,"minecraft:baked_potato":26,"minecraft:birch_boat":3,"minecraft:cherry_planks":56,"minecraft:crafting_table":14,"minecraft:red_bed":3,"minecraft:white_bed":21,"minecraft:diamond_pickaxe":384,"minecraft:iron_pickaxe":73,"minecraft:stone_axe":69,"minecraft:cobblestone":228,"minecraft:bucket":48,"minecraft:chainmail_leggings":1},"minecraft:broken":{"minecraft:iron_boots":2,"minecraft:iron_chestplate":4,"minecraft:iron_leggings":3,"minecraft:shield":2,"iceandfire:earplugs":1,"minecraft:iron_helmet":4},"minecraft:picked_up":{"iceandfire:tide_green_leggings":2,"minecraft:iron_chestplate":3,"minecraft:chainmail_boots":1,"minecraft:smithing_table":2,"minecraft:potion":8,"minecraft:enchanted_book":1,"minecraft:stone_brick_stairs":6,"tombstone:grave_key":7,"minecraft:crimson_planks":1,"minecraft:brewing_stand":1,"minecraft:polished_deepslate":1,"minecraft:string":5,"minecraft:raw_copper":7,"minecraft:smooth_stone_slab":1,"minecraft:iron_leggings":2,"minecraft:oak_sign":1,"iceandfire:sea_serpent_scales_bronze":14,"minecraft:sea_pickle":3,"minecraft:diamond_leggings":1,"minecraft:cobbled_deepslate":41,"minecraft:smooth_stone":1,"minecraft:bucket":2,"minecraft:spruce_planks":23,"minecraft:calcite":1,"minecraft:netherite_upgrade_smithing_template":1,"minecraft:iron_pickaxe":1,"minecraft:coal_block":13,"minecraft:stick":26,"minecraft:torch":159,"minecraft:acacia_log":12,"minecraft:porkchop":3,"minecraft:cherry_log":25,"minecraft:pointed_dripstone":1,"tombstone:grave_dust":16,"minecraft:diorite":14,"minecraft:cauldron":3,"travelersbackpack:iron":1,"minecraft:stone_sword":2,"minecraft:rotten_flesh":75,"minecraft:iron_block":8,"minecraft:white_terracotta":10,"minecraft:iron_bars":2,"minecraft:cobblestone":301,"minecraft:birch_log":7,"minecraft:pink_petals":2,"iceandfire:sapphire_gem":4,"minecraft:andesite":12,"minecraft:black_bed":3,"minecraft:flint":92,"minecraft:tuff":3,"minecraft:acacia_boat":1,"minecraft:mangrove_slab":4,"minecraft:dirt":123,"minecraft:bone":1,"minecraft:stonecutter":1,"minecraft:gray_terracotta":5,"minecraft:wheat_seeds":5,"minecraft:raw_gold":5,"minecraft:diamond_helmet":2,"minecraft:bamboo":15,"minecraft:moss_block":2,"minecraft:oak_planks":4,"minecraft:black_terracotta":3,"iceandfire:pixie_house_birch":2,"minecraft:sand":1,"minecraft:nether_brick_stairs":3,"minecraft:ink_sac":2,"minecraft:diamond_block":1,"minecraft:trapped_chest":4,"minecraft:red_terracotta":2,"minecraft:barrel":6,"minecraft:polished_andesite":25,"minecraft:dispenser":1,"minecraft:diamond":132,"minecraft:netherite_helmet":2,"minecraft:lever":1,"minecraft:granite":12,"minecraft:golden_apple":2,"minecraft:emerald":3,"minecraft:chainmail_helmet":5,"minecraft:bread":17,"minecraft:netherrack":1,"iceandfire:silver_nugget":108,"iceandfire:raw_silver":2,"minecraft:diamond_pickaxe":4,"armorplus:lava_shard":23,"minecraft:charcoal":96,"minecraft:crafting_table":10,"minecraft:gold_block":1,"iceandfire:frozen_cobblestone":14,"minecraft:shield":1,"minecraft:red_bed":6,"iceandfire:frozen_stone":4,"minecraft:flint_and_steel":5,"minecraft:netherite_scrap":29,"minecraft:cyan_carpet":1,"minecraft:andesite_stairs":1,"minecraft:lectern":1,"minecraft:sugar_cane":3,"minecraft:chest":7,"minecraft:raw_iron":15,"travelersbackpack:cactus":1,"minecraft:mangrove_sign":2,"minecraft:carrot":64,"minecraft:dark_oak_planks":6,"minecraft:arrow":17,"minecraft:pumpkin_pie":14,"minecraft:nether_bricks":3,"minecraft:diamond_boots":3,"minecraft:hay_block":42,"minecraft:gold_ingot":94,"iceandfire:earplugs":2,"minecraft:mutton":18,"minecraft:white_wool":15,"iceandfire:sea_serpent_fang":32,"minecraft:salmon":2,"minecraft:birch_planks":1,"minecraft:oak_log":56,"minecraft:chainmail_chestplate":4,"minecraft:ancient_debris":3,"iceandfire:ectoplasm":2,"minecraft:gunpowder":18,"simpletomb:grave_key":8,"tombstone:gift":3,"iceandfire:tide_green_chestplate":5,"minecraft:stone_bricks":2,"minecraft:gray_carpet":2,"minecraft:kelp":2,"minecraft:iron_ingot":101,"minecraft:stone_pickaxe":1,"minecraft:cobweb":5,"tombstone:bag_of_seeds":1,"minecraft:iron_sword":6,"minecraft:flowering_azalea":2,"minecraft:book":46,"minecraft:polished_andesite_stairs":2,"minecraft:emerald_block":3,"minecraft:birch_boat":1,"iceandfire:sea_serpent_scales_green":35,"minecraft:stone_brick_slab":1,"minecraft:dripstone_block":1,"minecraft:gravel":2,"minecraft:lava_bucket":2,"minecraft:blast_furnace":1,"minecraft:white_bed":18,"artifacts:scarf_of_invisibility":4,"minecraft:crying_obsidian":8,"travelersbackpack:fox":13,"minecraft:stone_axe":2,"minecraft:chainmail_leggings":1,"minecraft:iron_helmet":4,"minecraft:diamond_axe":4,"minecraft:baked_potato":33,"tombstone:magic_scroll":1,"minecraft:black_wool":1,"minecraft:coal":80,"minecraft:sunflower":2,"minecraft:ender_pearl":16},"minecraft:mined":{"minecraft:dark_oak_planks":7,"minecraft:spruce_planks":3,"minecraft:white_bed":18,"minecraft:black_terracotta":4,"minecraft:andesite_stairs":1,"minecraft:cherry_log":25,"armorplus:ore_lava_crystal_stone":9,"minecraft:brewing_stand":1,"minecraft:granite":5,"minecraft:acacia_log":13,"minecraft:grass_block":68,"minecraft:coal_block":3,"minecraft:spawner":36,"minecraft:smooth_stone":3,"minecraft:tall_seagrass":1,"minecraft:dark_oak_trapdoor":1,"minecraft:iron_ore":19,"minecraft:fire":6,"minecraft:barrel":10,"minecraft:nether_brick_stairs":3,"minecraft:dirt_path":3,"minecraft:water_cauldron":3,"minecraft:iron_bars":4,"armorplus:ore_lava_crystal_obsidian":2,"minecraft:azalea":1,"minecraft:waxed_cut_copper":1,"minecraft:gray_terracotta":1,"minecraft:red_bed":4,"iceandfire:dragon_ice_spikes":1,"minecraft:torch":1,"minecraft:blast_furnace":1,"minecraft:calcite":1,"minecraft:polished_andesite_stairs":1,"minecraft:chest":4,"minecraft:cobblestone":4,"minecraft:oak_planks":4,"minecraft:wall_torch":3,"minecraft:pink_petals":4,"minecraft:seagrass":2,"minecraft:white_terracotta":10,"minecraft:birch_log":7,"minecraft:black_bed":2,"minecraft:stone_brick_stairs":3,"minecraft:smooth_stone_slab":2,"minecraft:grass":43,"minecraft:oak_log":58,"minecraft:sand":1,"minecraft:dirt":40,"minecraft:crimson_planks":1,"minecraft:dispenser":1,"minecraft:stonecutter":1,"minecraft:netherrack":1,"minecraft:oak_leaves":25,"minecraft:deepslate":25,"minecraft:emerald_block":1,"minecraft:diamond_ore":2,"minecraft:tuff":2,"iceandfire:silver_ore":2,"minecraft:quartz_stairs":1,"minecraft:mossy_cobblestone":1,"iceandfire:frozen_cobblestone":5,"travelersbackpack:fox":2,"minecraft:nether_bricks":3,"iceandfire:frozen_stone":1,"minecraft:spruce_leaves":16,"minecraft:moss_block":1,"minecraft:hay_block":42,"minecraft:waxed_oxidized_cut_copper":1,"minecraft:andesite":11,"minecraft:gold_block":1,"minecraft:bookshelf":14,"minecraft:vine":1,"minecraft:stone":237,"minecraft:smithing_table":1,"minecraft:acacia_leaves":3,"minecraft:flowering_azalea":1,"minecraft:stone_brick_slab":1,"minecraft:crafting_table":5,"minecraft:lectern":1,"minecraft:copper_ore":2,"minecraft:tall_grass":5,"minecraft:diorite":20,"minecraft:red_terracotta":2,"minecraft:sea_pickle":1,"minecraft:birch_leaves":4,"minecraft:mangrove_slab":2,"minecraft:coal_ore":2,"minecraft:cherry_leaves":1,"minecraft:dripstone_block":1,"minecraft:sunflower":2,"minecraft:cyan_carpet":1,"minecraft:yellow_concrete":2,"minecraft:gray_carpet":2,"minecraft:polished_andesite":11,"minecraft:stone_bricks":6,"minecraft:fern":4},"minecraft:dropped":{"minecraft:nether_brick_stairs":3,"minecraft:iron_sword":2,"minecraft:birch_planks":1,"minecraft:diamond_axe":3,"minecraft:baked_potato":1,"minecraft:diamond":4,"minecraft:crafting_table":4,"iceandfire:ectoplasm":2,"minecraft:emerald":3,"minecraft:dirt":22,"minecraft:mutton":12,"minecraft:pumpkin_pie":7,"minecraft:sunflower":2,"minecraft:sand":1,"minecraft:iron_pickaxe":2,"minecraft:cyan_carpet":1,"minecraft:bone":1,"minecraft:gravel":1,"minecraft:stone_axe":1,"minecraft:emerald_block":1,"minecraft:sugar_cane":3,"minecraft:lever":1,"minecraft:cobbled_deepslate":17,"tombstone:gift":2,"minecraft:pointed_dripstone":1,"minecraft:black_terracotta":2,"minecraft:rotten_flesh":37,"iceandfire:tide_green_chestplate":4,"minecraft:oak_planks":54,"iceandfire:frozen_stone":4,"minecraft:mangrove_sign":1,"minecraft:salmon":2,"minecraft:acacia_button":2,"minecraft:chainmail_chestplate":3,"iceandfire:sapphire_gem":2,"minecraft:charcoal":126,"minecraft:ladder":1,"minecraft:chest":3,"armorplus:lava_shard":6,"minecraft:iron_bars":2,"travelersbackpack:fox":8,"minecraft:crying_obsidian":8,"artifacts:scarf_of_invisibility":2,"minecraft:stone_brick_stairs":4,"minecraft:crimson_planks":1,"minecraft:iron_ingot":1,"minecraft:bread":40,"minecraft:wheat_seeds":5,"minecraft:dripstone_block":1,"simpletomb:grave_key":9,"minecraft:diamond_leggings":1,"minecraft:iron_helmet":3,"minecraft:cobblestone":52,"minecraft:granite":13,"iceandfire:sea_serpent_scales_green":5,"minecraft:chainmail_helmet":4,"minecraft:coal":116,"minecraft:coal_block":1,"minecraft:stick":14,"minecraft:polished_andesite":7,"minecraft:cobweb":5,"minecraft:lava_bucket":2,"iceandfire:tide_green_leggings":1,"minecraft:diorite":2,"minecraft:ink_sac":2,"minecraft:torch":69,"tombstone:grave_key":8,"minecraft:cherry_planks":80,"minecraft:diamond_helmet":1,"tombstone:grave_dust":3,"minecraft:potion":6,"minecraft:iron_leggings":1,"minecraft:smooth_stone":1,"minecraft:string":3,"minecraft:bucket":2,"minecraft:trapped_chest":3,"iceandfire:pixie_house_birch":2,"iceandfire:frozen_cobblestone":12,"iceandfire:silver_nugget":36,"iceandfire:earplugs":2,"minecraft:kelp":2,"minecraft:stone_sword":2,"minecraft:raw_copper":7,"minecraft:smooth_stone_slab":1,"minecraft:tuff":1,"minecraft:oak_sign":1,"minecraft:red_terracotta":2,"minecraft:flint_and_steel":1,"minecraft:gray_terracotta":4,"minecraft:shield":1,"minecraft:spruce_planks":17,"minecraft:diamond_pickaxe":3,"minecraft:andesite":2,"minecraft:stone_bricks":2,"minecraft:bamboo":15,"minecraft:stone_pickaxe":1,"iceandfire:sea_serpent_fang":26},"minecraft:crafted":{"minecraft:oak_planks":224,"travelersbackpack:iron":1,"minecraft:birch_boat":2,"minecraft:cherry_boat":1,"minecraft:diamond_helmet":2,"minecraft:diamond_leggings":1,"minecraft:iron_boots":2,"minecraft:chest":1,"minecraft:netherite_helmet":1,"minecraft:stone_hoe":1,"minecraft:diamond_axe":1,"minecraft:crafting_table":8,"travelersbackpack:standard":1,"minecraft:iron_helmet":2,"minecraft:wooden_pickaxe":1,"minecraft:smithing_table":1,"minecraft:birch_planks":28,"iceandfire:earplugs":3,"minecraft:acacia_button":2,"minecraft:iron_chestplate":2,"minecraft:shield":1,"minecraft:stick":20,"minecraft:iron_pickaxe":1,"minecraft:netherite_ingot":4,"minecraft:shears":1,"minecraft:cherry_planks":100,"minecraft:coal":63,"iceandfire:tide_green_chestplate":2,"iceandfire:tide_green_leggings":2,"minecraft:stone_pickaxe":1,"minecraft:diamond_boots":2,"minecraft:wheat":378,"minecraft:bucket":2,"minecraft:acacia_boat":3,"minecraft:bread":126,"minecraft:iron_leggings":1,"minecraft:white_bed":3,"minecraft:acacia_planks":48,"minecraft:torch":108,"minecraft:diamond_chestplate":1},"minecraft:custom":{"minecraft:interact_with_crafting_table":56,"minecraft:open_barrel":60,"minecraft:leave_game":15,"minecraft:time_since_death":19236,"minecraft:sprint_one_cm":781288,"minecraft:damage_blocked_by_shield":3750,"minecraft:drop":380,"minecraft:play_noteblock":1,"minecraft:play_time":569975,"minecraft:deaths":145,"minecraft:jump":9869,"minecraft:walk_on_water_one_cm":203683,"minecraft:interact_with_furnace":1,"minecraft:sleep_in_bed":20,"tombstone:sneak_grave":1,"minecraft:damage_dealt":16997,"minecraft:crouch_one_cm":8066,"tombstone:undead_killed":50,"minecraft:inspect_dispenser":1,"minecraft:interact_with_smithing_table":4,"minecraft:mob_kills":78,"minecraft:climb_one_cm":34472,"minecraft:walk_one_cm":890884,"minecraft:sneak_time":6355,"minecraft:walk_under_water_one_cm":226406,"minecraft:boat_one_cm":1034508,"minecraft:total_world_time":569975,"tombstone:raider_killed":4,"minecraft:tune_noteblock":1,"minecraft:time_since_rest":1059,"minecraft:damage_taken":54589,"minecraft:trigger_trapped_chest":7,"minecraft:swim_one_cm":203275,"minecraft:fly_one_cm":1687962,"minecraft:open_chest":77,"minecraft:fall_one_cm":259767}},"DataVersion":3465}