{"stats":{"minecraft:crafted":{"minecraft:oak_planks":16,"minecraft:stick":16,"minecraft:wooden_pickaxe":1,"minecraft:stone_pickaxe":1,"minecraft:stone_hoe":1},"minecraft:mined":{"minecraft:hay_block":34,"minecraft:black_bed":1,"minecraft:crafting_table":2,"minecraft:grass":3,"minecraft:grass_block":6,"minecraft:oak_log":12,"minecraft:dirt_path":3,"minecraft:water_cauldron":3,"minecraft:dirt":3,"minecraft:stone":9,"minecraft:oak_leaves":3},"minecraft:picked_up":{"minecraft:crafting_table":2,"minecraft:chainmail_boots":1,"minecraft:black_bed":2,"minecraft:oak_log":12,"minecraft:chainmail_chestplate":1,"minecraft:carrot":64,"minecraft:cauldron":3,"minecraft:trapped_chest":1,"minecraft:dirt":12,"minecraft:stone_sword":1,"minecraft:oak_sign":1,"minecraft:stone_axe":1,"minecraft:chainmail_leggings":1,"minecraft:hay_block":34,"minecraft:chainmail_helmet":1,"minecraft:baked_potato":32,"minecraft:cobblestone":9},"minecraft:used":{"minecraft:stone_pickaxe":5,"minecraft:wooden_pickaxe":10,"minecraft:chainmail_helmet":1,"minecraft:stone_hoe":37,"minecraft:stone_axe":18,"minecraft:dirt":11,"minecraft:crafting_table":2,"minecraft:chainmail_chestplate":1,"minecraft:carrot":1,"minecraft:black_bed":2,"minecraft:chainmail_leggings":1},"minecraft:custom":{"minecraft:time_since_rest":10569,"minecraft:sprint_one_cm":23841,"minecraft:walk_one_cm":33347,"minecraft:damage_taken":20,"minecraft:interact_with_crafting_table":4,"minecraft:fly_one_cm":37173,"minecraft:open_chest":2,"minecraft:play_time":20947,"minecraft:sneak_time":277,"minecraft:jump":280,"minecraft:time_since_death":20947,"minecraft:sleep_in_bed":1,"minecraft:total_world_time":20947,"minecraft:fall_one_cm":4484}},"DataVersion":3465}