{"stats":{"minecraft:killed":{"minecraft:spider":1,"minecraft:skeleton":2},"minecraft:used":{"minecraft:stone_sword":46,"minecraft:stone_pickaxe":53,"minecraft:baked_potato":15,"minecraft:oak_planks":37,"minecraft:wooden_pickaxe":10,"minecraft:chainmail_helmet":1,"minecraft:stone_hoe":47,"simpletomb:grave_key":1,"minecraft:torch":2,"minecraft:dirt":48,"minecraft:crafting_table":2,"minecraft:chainmail_chestplate":1,"minecraft:carrot":1,"minecraft:black_bed":4,"tombstone:grave_key":2,"minecraft:stone_axe":54,"minecraft:cobblestone":29,"tombstone:gift":2,"minecraft:trapped_chest":1,"minecraft:chainmail_leggings":1},"minecraft:picked_up":{"minecraft:pink_petals":2,"minecraft:crafting_table":2,"minecraft:chainmail_boots":1,"minecraft:black_bed":3,"minecraft:oak_log":12,"minecraft:chainmail_chestplate":1,"minecraft:brewing_stand":1,"minecraft:string":2,"minecraft:mangrove_slab":4,"minecraft:dirt":58,"minecraft:iron_leggings":1,"minecraft:cyan_carpet":1,"minecraft:oak_sign":1,"minecraft:gray_carpet":2,"minecraft:sea_pickle":3,"minecraft:stonecutter":1,"minecraft:iron_ingot":64,"minecraft:stone_pickaxe":1,"minecraft:calcite":1,"minecraft:lectern":1,"minecraft:iron_sword":1,"minecraft:book":42,"minecraft:cherry_log":10,"minecraft:diorite":1,"minecraft:blast_furnace":1,"tombstone:grave_dust":1,"minecraft:mangrove_sign":2,"minecraft:carrot":64,"minecraft:trapped_chest":1,"minecraft:cauldron":3,"minecraft:dark_oak_planks":4,"minecraft:stone_sword":1,"minecraft:arrow":3,"minecraft:diamond":3,"minecraft:stone_axe":1,"minecraft:chainmail_leggings":1,"minecraft:hay_block":42,"minecraft:golden_apple":1,"minecraft:chainmail_helmet":1,"minecraft:baked_potato":32,"minecraft:white_wool":4,"minecraft:coal":2,"iceandfire:raw_silver":1,"minecraft:cobblestone":34,"minecraft:ender_pearl":1},"minecraft:mined":{"minecraft:waxed_cut_copper":1,"minecraft:dark_oak_planks":5,"iceandfire:silver_ore":1,"minecraft:cherry_log":10,"minecraft:brewing_stand":1,"minecraft:crafting_table":2,"minecraft:blast_furnace":1,"minecraft:grass_block":32,"minecraft:calcite":1,"minecraft:lectern":1,"minecraft:tall_grass":1,"minecraft:cobblestone":2,"minecraft:diorite":1,"minecraft:pink_petals":4,"minecraft:hay_block":42,"minecraft:waxed_oxidized_cut_copper":1,"minecraft:dark_oak_trapdoor":1,"minecraft:sea_pickle":1,"minecraft:iron_ore":4,"minecraft:black_bed":2,"minecraft:grass":10,"minecraft:mangrove_slab":2,"minecraft:bookshelf":14,"minecraft:oak_log":12,"minecraft:water_cauldron":3,"minecraft:dirt_path":3,"minecraft:cherry_leaves":1,"minecraft:cyan_carpet":1,"minecraft:dirt":23,"minecraft:gray_carpet":2,"minecraft:stonecutter":1,"minecraft:stone":32,"minecraft:oak_leaves":3},"minecraft:dropped":{"minecraft:mangrove_sign":1,"minecraft:oak_sign":1,"minecraft:dirt":5,"minecraft:stone_pickaxe":1,"minecraft:cyan_carpet":1},"minecraft:crafted":{"minecraft:cherry_planks":40,"minecraft:oak_planks":48,"minecraft:iron_helmet":1,"minecraft:wooden_pickaxe":1,"minecraft:bread":126,"minecraft:iron_boots":1,"minecraft:iron_chestplate":1,"minecraft:stick":16,"minecraft:stone_pickaxe":1,"minecraft:iron_leggings":1,"minecraft:torch":8,"minecraft:stone_hoe":1,"minecraft:wheat":378},"minecraft:custom":{"minecraft:mob_kills":3,"minecraft:interact_with_crafting_table":9,"minecraft:open_barrel":3,"minecraft:leave_game":1,"minecraft:time_since_death":15431,"minecraft:sleep_in_bed":2,"minecraft:climb_one_cm":1066,"minecraft:time_since_rest":13032,"minecraft:sprint_one_cm":100426,"minecraft:damage_taken":1955,"minecraft:walk_one_cm":107871,"minecraft:trigger_trapped_chest":6,"minecraft:drop":5,"minecraft:damage_dealt":559,"minecraft:swim_one_cm":3374,"minecraft:fly_one_cm":170700,"minecraft:open_chest":4,"minecraft:play_time":71425,"tombstone:undead_killed":2,"minecraft:deaths":4,"minecraft:sneak_time":541,"minecraft:walk_under_water_one_cm":3292,"minecraft:jump":1382,"minecraft:walk_on_water_one_cm":3240,"minecraft:total_world_time":71425,"minecraft:fall_one_cm":39265}},"DataVersion":3465}