{"stats":{"minecraft:custom":{"minecraft:mob_kills":10,"minecraft:interact_with_crafting_table":20,"minecraft:open_barrel":3,"minecraft:leave_game":3,"minecraft:time_since_death":1112,"minecraft:sleep_in_bed":12,"minecraft:climb_one_cm":1114,"minecraft:time_since_rest":949,"minecraft:sprint_one_cm":210300,"minecraft:damage_taken":3241,"minecraft:walk_one_cm":178682,"minecraft:damage_blocked_by_shield":1620,"minecraft:trigger_trapped_chest":6,"minecraft:drop":31,"minecraft:damage_dealt":1069,"minecraft:swim_one_cm":5894,"minecraft:fly_one_cm":258451,"minecraft:crouch_one_cm":2809,"minecraft:open_chest":6,"minecraft:play_time":103705,"minecraft:sneak_time":1708,"tombstone:undead_killed":5,"minecraft:deaths":7,"minecraft:walk_under_water_one_cm":4760,"minecraft:jump":1821,"minecraft:walk_on_water_one_cm":5021,"minecraft:total_world_time":103705,"minecraft:fall_one_cm":54872},"minecraft:mined":{"minecraft:waxed_cut_copper":1,"minecraft:dark_oak_planks":5,"minecraft:white_bed":5,"iceandfire:silver_ore":1,"minecraft:cherry_log":25,"minecraft:brewing_stand":1,"minecraft:crafting_table":2,"minecraft:blast_furnace":1,"minecraft:grass_block":32,"minecraft:calcite":1,"minecraft:lectern":1,"minecraft:tall_grass":1,"minecraft:cobblestone":2,"minecraft:oak_planks":1,"minecraft:diorite":1,"minecraft:spawner":1,"minecraft:pink_petals":4,"minecraft:hay_block":42,"minecraft:waxed_oxidized_cut_copper":1,"minecraft:dark_oak_trapdoor":1,"minecraft:sea_pickle":1,"minecraft:iron_ore":4,"minecraft:birch_leaves":2,"minecraft:black_bed":2,"minecraft:gold_block":1,"minecraft:grass":15,"minecraft:bookshelf":14,"minecraft:mangrove_slab":2,"minecraft:oak_log":53,"minecraft:water_cauldron":3,"minecraft:dirt_path":3,"minecraft:cherry_leaves":1,"minecraft:cyan_carpet":1,"minecraft:dirt":23,"minecraft:gray_carpet":2,"minecraft:stone":32,"minecraft:stonecutter":1,"minecraft:netherrack":1,"minecraft:oak_leaves":7},"minecraft:picked_up":{"minecraft:pink_petals":2,"minecraft:crafting_table":2,"minecraft:chainmail_boots":1,"minecraft:black_bed":3,"minecraft:gold_block":1,"minecraft:oak_log":52,"minecraft:chainmail_chestplate":1,"minecraft:brewing_stand":1,"minecraft:string":2,"minecraft:mangrove_slab":4,"minecraft:dirt":58,"minecraft:iron_leggings":1,"minecraft:cyan_carpet":1,"minecraft:oak_sign":1,"minecraft:gray_carpet":2,"minecraft:sea_pickle":3,"minecraft:stonecutter":1,"minecraft:iron_ingot":64,"minecraft:stone_pickaxe":1,"minecraft:calcite":1,"minecraft:lectern":1,"minecraft:oak_planks":2,"minecraft:iron_sword":1,"minecraft:book":42,"minecraft:torch":49,"minecraft:cherry_log":25,"minecraft:diorite":1,"minecraft:blast_furnace":1,"tombstone:grave_dust":1,"minecraft:mangrove_sign":2,"minecraft:white_bed":5,"minecraft:carrot":64,"minecraft:rotten_flesh":3,"minecraft:trapped_chest":1,"minecraft:cauldron":3,"minecraft:dark_oak_planks":4,"minecraft:stone_sword":1,"minecraft:arrow":3,"minecraft:diamond":3,"minecraft:stone_axe":2,"minecraft:chainmail_leggings":1,"minecraft:hay_block":42,"minecraft:golden_apple":1,"minecraft:chainmail_helmet":1,"minecraft:baked_potato":33,"minecraft:netherrack":1,"minecraft:black_wool":1,"minecraft:mutton":6,"minecraft:coal":2,"iceandfire:raw_silver":1,"minecraft:white_wool":7,"minecraft:cobblestone":34,"minecraft:ender_pearl":1},"minecraft:dropped":{"minecraft:stone_axe":1,"minecraft:baked_potato":1,"minecraft:oak_planks":52,"minecraft:mangrove_sign":1,"minecraft:oak_sign":1,"minecraft:dirt":5,"minecraft:torch":28,"minecraft:cherry_planks":20,"minecraft:stone_pickaxe":1,"minecraft:cyan_carpet":1},"minecraft:crafted":{"minecraft:cherry_planks":100,"minecraft:oak_planks":208,"minecraft:diamond_axe":1,"minecraft:crafting_table":2,"minecraft:iron_helmet":1,"minecraft:wooden_pickaxe":1,"minecraft:cherry_boat":1,"minecraft:bread":126,"minecraft:iron_boots":1,"minecraft:iron_chestplate":1,"minecraft:shield":1,"minecraft:stick":20,"minecraft:iron_pickaxe":1,"minecraft:stone_pickaxe":1,"minecraft:chest":1,"minecraft:iron_leggings":1,"minecraft:white_bed":2,"minecraft:torch":8,"minecraft:stone_hoe":1,"minecraft:wheat":378},"minecraft:killed":{"minecraft:spider":1,"minecraft:sheep":4,"minecraft:skeleton":2,"minecraft:zombie":3},"minecraft:used":{"minecraft:stone_sword":46,"minecraft:stone_pickaxe":53,"minecraft:baked_potato":22,"minecraft:oak_planks":86,"minecraft:shield":6,"minecraft:chest":1,"minecraft:wooden_pickaxe":10,"minecraft:iron_sword":16,"minecraft:chainmail_helmet":1,"minecraft:diamond_axe":46,"minecraft:stone_hoe":47,"minecraft:torch":14,"simpletomb:grave_key":1,"minecraft:dirt":48,"minecraft:crafting_table":4,"minecraft:chainmail_chestplate":1,"minecraft:carrot":1,"minecraft:white_bed":7,"minecraft:black_bed":4,"minecraft:bread":7,"minecraft:iron_pickaxe":3,"tombstone:grave_key":2,"minecraft:stone_axe":69,"minecraft:cobblestone":29,"tombstone:gift":4,"minecraft:trapped_chest":1,"minecraft:chainmail_leggings":1}},"DataVersion":3465}