{"stats":{"minecraft:picked_up":{"minecraft:chainmail_chestplate":1,"minecraft:stone_sword":1,"minecraft:chainmail_boots":1,"minecraft:chainmail_helmet":1,"minecraft:baked_potato":32,"minecraft:oak_sign":1,"minecraft:carrot":64,"minecraft:black_bed":1,"minecraft:stone_axe":1,"minecraft:trapped_chest":1,"minecraft:chainmail_leggings":1},"minecraft:used":{"minecraft:chainmail_chestplate":1,"minecraft:chainmail_helmet":1,"minecraft:chainmail_leggings":1},"minecraft:custom":{"minecraft:jump":22,"minecraft:time_since_rest":8947,"minecraft:walk_one_cm":9155,"minecraft:time_since_death":8947,"minecraft:play_time":8947,"minecraft:sprint_one_cm":1431,"minecraft:sneak_time":233,"minecraft:total_world_time":8947,"minecraft:fly_one_cm":2367}},"DataVersion":3465}