{"stats":{"minecraft:killed":{"minecraft:spider":1,"minecraft:skeleton":2,"artifacts:mimic":1,"minecraft:sheep":4,"minecraft:zombie":13},"minecraft:killed_by":{"minecraft:zombie":4},"minecraft:used":{"minecraft:stone_sword":46,"minecraft:chest":1,"minecraft:shield":17,"minecraft:iron_sword":139,"minecraft:stone_hoe":47,"simpletomb:grave_key":1,"minecraft:torch":41,"minecraft:dirt":55,"minecraft:chainmail_chestplate":1,"minecraft:carrot":1,"minecraft:tuff":1,"minecraft:lava_bucket":45,"tombstone:gift":12,"minecraft:trapped_chest":1,"travelersbackpack:fox":11,"minecraft:iron_leggings":1,"minecraft:stone_pickaxe":53,"minecraft:baked_potato":26,"minecraft:oak_planks":97,"minecraft:wooden_pickaxe":10,"minecraft:cherry_planks":56,"minecraft:chainmail_helmet":1,"minecraft:diamond_axe":63,"minecraft:crafting_table":6,"minecraft:white_bed":9,"minecraft:black_bed":4,"minecraft:bread":20,"minecraft:iron_pickaxe":41,"tombstone:grave_key":2,"minecraft:stone_axe":69,"minecraft:coal_block":9,"minecraft:cobblestone":56,"minecraft:bucket":45,"minecraft:chainmail_leggings":1},"minecraft:broken":{"minecraft:iron_boots":1,"minecraft:iron_chestplate":2,"minecraft:iron_leggings":1,"minecraft:shield":1,"minecraft:iron_helmet":1},"minecraft:picked_up":{"minecraft:charcoal":12,"minecraft:crafting_table":2,"minecraft:chainmail_boots":1,"minecraft:gold_block":1,"minecraft:potion":7,"tombstone:grave_key":1,"minecraft:brewing_stand":1,"minecraft:polished_deepslate":1,"minecraft:string":5,"minecraft:flint_and_steel":3,"minecraft:smooth_stone_slab":1,"minecraft:iron_leggings":2,"minecraft:cyan_carpet":1,"minecraft:oak_sign":1,"minecraft:sea_pickle":3,"minecraft:smooth_stone":1,"minecraft:spruce_planks":23,"minecraft:andesite_stairs":1,"minecraft:calcite":1,"minecraft:lectern":1,"minecraft:coal_block":13,"minecraft:chest":2,"minecraft:torch":51,"minecraft:cherry_log":25,"minecraft:diorite":1,"tombstone:grave_dust":7,"minecraft:mangrove_sign":2,"minecraft:carrot":64,"minecraft:cauldron":3,"minecraft:dark_oak_planks":4,"minecraft:stone_sword":2,"minecraft:arrow":3,"minecraft:rotten_flesh":48,"minecraft:hay_block":42,"minecraft:gold_ingot":8,"minecraft:mutton":6,"minecraft:iron_bars":1,"minecraft:cobblestone":61,"minecraft:white_wool":7,"minecraft:pink_petals":2,"minecraft:andesite":1,"minecraft:black_bed":3,"minecraft:flint":92,"minecraft:oak_log":52,"minecraft:tuff":2,"minecraft:chainmail_chestplate":1,"minecraft:gunpowder":18,"minecraft:mangrove_slab":4,"minecraft:dirt":69,"tombstone:gift":2,"minecraft:gray_carpet":2,"minecraft:stonecutter":1,"minecraft:stone_pickaxe":1,"minecraft:iron_ingot":92,"minecraft:cobweb":5,"tombstone:bag_of_seeds":1,"minecraft:iron_sword":3,"minecraft:oak_planks":4,"minecraft:book":46,"minecraft:stone_brick_slab":1,"minecraft:blast_furnace":1,"minecraft:white_bed":7,"artifacts:scarf_of_invisibility":1,"minecraft:trapped_chest":1,"minecraft:barrel":6,"travelersbackpack:fox":4,"minecraft:diamond":3,"minecraft:stone_axe":2,"minecraft:chainmail_leggings":1,"minecraft:iron_helmet":1,"minecraft:granite":1,"minecraft:golden_apple":1,"minecraft:chainmail_helmet":1,"minecraft:baked_potato":33,"tombstone:magic_scroll":1,"minecraft:netherrack":1,"minecraft:black_wool":1,"minecraft:coal":22,"iceandfire:raw_silver":1,"minecraft:ender_pearl":1},"minecraft:mined":{"minecraft:dark_oak_planks":5,"minecraft:tuff":1,"minecraft:spruce_planks":3,"minecraft:white_bed":8,"iceandfire:silver_ore":1,"minecraft:quartz_stairs":1,"minecraft:andesite_stairs":1,"minecraft:cherry_log":25,"minecraft:brewing_stand":1,"travelersbackpack:fox":1,"minecraft:granite":2,"minecraft:grass_block":32,"minecraft:coal_block":3,"minecraft:spawner":13,"minecraft:hay_block":42,"minecraft:smooth_stone":3,"minecraft:waxed_oxidized_cut_copper":1,"minecraft:dark_oak_trapdoor":1,"minecraft:iron_ore":4,"minecraft:barrel":10,"minecraft:andesite":1,"minecraft:gold_block":1,"minecraft:bookshelf":14,"minecraft:water_cauldron":3,"minecraft:dirt_path":3,"minecraft:iron_bars":3,"minecraft:stone":33,"minecraft:waxed_cut_copper":1,"minecraft:stone_brick_slab":1,"minecraft:crafting_table":2,"minecraft:torch":1,"minecraft:blast_furnace":1,"minecraft:calcite":1,"minecraft:chest":2,"minecraft:lectern":1,"minecraft:tall_grass":1,"minecraft:cobblestone":4,"minecraft:oak_planks":4,"minecraft:diorite":1,"minecraft:pink_petals":4,"minecraft:sea_pickle":1,"minecraft:birch_leaves":2,"minecraft:black_bed":2,"minecraft:smooth_stone_slab":1,"minecraft:grass":15,"minecraft:mangrove_slab":2,"minecraft:oak_log":53,"minecraft:cherry_leaves":1,"minecraft:cyan_carpet":1,"minecraft:yellow_concrete":2,"minecraft:dirt":24,"minecraft:gray_carpet":2,"minecraft:stonecutter":1,"minecraft:netherrack":1,"minecraft:oak_leaves":7},"minecraft:dropped":{"minecraft:iron_ingot":1,"minecraft:iron_sword":1,"minecraft:baked_potato":1,"minecraft:diamond":4,"minecraft:granite":1,"minecraft:coal_block":1,"minecraft:cobweb":4,"minecraft:lava_bucket":1,"minecraft:dirt":10,"minecraft:torch":28,"tombstone:grave_key":1,"minecraft:cherry_planks":80,"minecraft:potion":2,"minecraft:iron_leggings":1,"minecraft:smooth_stone":1,"minecraft:cyan_carpet":1,"minecraft:stone_axe":1,"minecraft:stone_sword":1,"minecraft:smooth_stone_slab":1,"minecraft:rotten_flesh":6,"minecraft:oak_planks":54,"minecraft:mangrove_sign":1,"minecraft:oak_sign":1,"minecraft:spruce_planks":3,"minecraft:andesite":1,"minecraft:ladder":1,"minecraft:stone_pickaxe":1,"travelersbackpack:fox":3},"minecraft:crafted":{"minecraft:cherry_planks":100,"minecraft:oak_planks":208,"minecraft:coal":63,"minecraft:cherry_boat":1,"minecraft:iron_boots":2,"minecraft:stone_pickaxe":1,"minecraft:chest":1,"minecraft:stone_hoe":1,"minecraft:wheat":378,"minecraft:diamond_axe":1,"minecraft:crafting_table":4,"minecraft:iron_helmet":2,"minecraft:wooden_pickaxe":1,"minecraft:bucket":2,"minecraft:bread":126,"minecraft:iron_chestplate":2,"minecraft:shield":1,"minecraft:stick":20,"minecraft:iron_pickaxe":1,"minecraft:iron_leggings":1,"minecraft:white_bed":2,"minecraft:torch":108},"minecraft:custom":{"minecraft:mob_kills":25,"minecraft:interact_with_crafting_table":28,"minecraft:open_barrel":41,"minecraft:leave_game":4,"minecraft:time_since_death":4486,"minecraft:climb_one_cm":19392,"minecraft:sprint_one_cm":414032,"minecraft:walk_one_cm":423365,"minecraft:damage_blocked_by_shield":3240,"minecraft:drop":57,"minecraft:play_time":208427,"minecraft:sneak_time":3750,"minecraft:deaths":66,"minecraft:walk_under_water_one_cm":7262,"minecraft:jump":3196,"minecraft:walk_on_water_one_cm":13826,"minecraft:total_world_time":208427,"minecraft:tune_noteblock":1,"minecraft:sleep_in_bed":12,"minecraft:time_since_rest":4201,"minecraft:damage_taken":22236,"minecraft:trigger_trapped_chest":6,"minecraft:damage_dealt":4273,"minecraft:swim_one_cm":5894,"minecraft:fly_one_cm":511515,"minecraft:open_chest":20,"minecraft:crouch_one_cm":5523,"tombstone:undead_killed":15,"minecraft:fall_one_cm":75018}},"DataVersion":3465}