{"stats":{"minecraft:crafted":{"minecraft:oak_planks":16,"minecraft:stick":16,"minecraft:wooden_pickaxe":1,"minecraft:stone_pickaxe":1,"minecraft:stone_hoe":1},"minecraft:mined":{"minecraft:dark_oak_planks":1,"minecraft:hay_block":42,"minecraft:black_bed":2,"minecraft:brewing_stand":1,"minecraft:crafting_table":2,"minecraft:grass":7,"minecraft:blast_furnace":1,"minecraft:calcite":1,"minecraft:grass_block":14,"minecraft:oak_log":12,"minecraft:dirt_path":3,"minecraft:water_cauldron":3,"minecraft:cyan_carpet":1,"minecraft:dirt":7,"minecraft:tall_grass":1,"minecraft:stonecutter":1,"minecraft:stone":9,"minecraft:diorite":1,"minecraft:oak_leaves":3},"minecraft:picked_up":{"minecraft:crafting_table":2,"minecraft:chainmail_boots":1,"minecraft:black_bed":3,"tombstone:grave_dust":1,"minecraft:oak_log":12,"minecraft:chainmail_chestplate":1,"minecraft:diorite":1,"minecraft:blast_furnace":1,"minecraft:brewing_stand":1,"minecraft:carrot":64,"minecraft:string":2,"minecraft:cauldron":3,"minecraft:trapped_chest":1,"minecraft:dirt":24,"minecraft:cyan_carpet":1,"minecraft:stone_sword":1,"minecraft:arrow":3,"minecraft:oak_sign":1,"minecraft:stonecutter":1,"minecraft:stone_axe":1,"minecraft:chainmail_leggings":1,"minecraft:hay_block":42,"minecraft:calcite":1,"minecraft:chainmail_helmet":1,"minecraft:baked_potato":32,"minecraft:cobblestone":9},"minecraft:killed":{"minecraft:skeleton":2,"minecraft:spider":1},"minecraft:used":{"minecraft:stone_sword":46,"minecraft:stone_pickaxe":11,"minecraft:baked_potato":6,"minecraft:wooden_pickaxe":10,"minecraft:chainmail_helmet":1,"minecraft:stone_hoe":47,"minecraft:stone_axe":20,"minecraft:dirt":23,"minecraft:cobblestone":2,"minecraft:crafting_table":2,"minecraft:chainmail_chestplate":1,"minecraft:carrot":1,"minecraft:black_bed":4,"minecraft:chainmail_leggings":1},"minecraft:custom":{"minecraft:time_since_rest":1322,"minecraft:sprint_one_cm":51323,"minecraft:walk_one_cm":53201,"minecraft:damage_taken":439,"minecraft:mob_kills":3,"minecraft:damage_dealt":559,"minecraft:swim_one_cm":3374,"minecraft:interact_with_crafting_table":4,"minecraft:fly_one_cm":100225,"minecraft:deaths":1,"minecraft:open_chest":2,"tombstone:undead_killed":2,"minecraft:play_time":35465,"minecraft:sneak_time":356,"minecraft:walk_under_water_one_cm":261,"minecraft:jump":615,"minecraft:leave_game":1,"minecraft:walk_on_water_one_cm":353,"minecraft:time_since_death":3721,"minecraft:sleep_in_bed":2,"minecraft:total_world_time":35465,"minecraft:fall_one_cm":14083}},"DataVersion":3465}