{"stats":{"minecraft:killed":{"minecraft:spider":1,"minecraft:skeleton":3,"artifacts:mimic":1,"minecraft:pig":1,"minecraft:salmon":2,"minecraft:sheep":12,"minecraft:pillager":4,"minecraft:zombie":15,"iceandfire:sea_serpent":2,"minecraft:drowned":1,"iceandfire:ghost":4},"minecraft:killed_by":{"minecraft:wither_skeleton":1,"minecraft:magma_cube":3,"iceandfire:ice_dragon":1,"minecraft:blaze":6,"minecraft:zombie":4},"minecraft:used":{"minecraft:chest":1,"minecraft:shield":27,"minecraft:white_terracotta":10,"minecraft:iron_sword":347,"minecraft:iron_chestplate":1,"minecraft:carrot":1,"travelersbackpack:iron":6,"minecraft:tuff":1,"minecraft:lava_bucket":47,"minecraft:iron_helmet":18,"iceandfire:earplugs":1,"minecraft:diorite":11,"minecraft:diamond_boots":1,"minecraft:stone_pickaxe":53,"minecraft:oak_planks":97,"minecraft:ender_pearl":1,"minecraft:wooden_pickaxe":10,"minecraft:chainmail_helmet":1,"minecraft:diamond_axe":84,"minecraft:netherite_helmet":1,"minecraft:black_bed":4,"minecraft:bread":108,"tombstone:grave_key":2,"minecraft:coal_block":9,"minecraft:smithing_table":1,"minecraft:andesite":10,"minecraft:cherry_boat":1,"minecraft:stone_sword":46,"minecraft:flint_and_steel":15,"minecraft:spruce_planks":18,"minecraft:stone_hoe":47,"simpletomb:grave_key":4,"minecraft:torch":93,"minecraft:dirt":75,"minecraft:chainmail_chestplate":1,"minecraft:diamond_helmet":2,"minecraft:emerald_block":1,"tombstone:gift":13,"minecraft:trapped_chest":1,"minecraft:acacia_planks":12,"minecraft:cobbled_deepslate":12,"travelersbackpack:fox":37,"minecraft:iron_leggings":1,"minecraft:acacia_boat":4,"minecraft:polished_andesite":11,"minecraft:baked_potato":26,"minecraft:cherry_planks":56,"minecraft:crafting_table":11,"minecraft:white_bed":20,"minecraft:diamond_pickaxe":342,"minecraft:iron_pickaxe":73,"minecraft:stone_axe":69,"minecraft:cobblestone":226,"minecraft:bucket":48,"minecraft:chainmail_leggings":1},"minecraft:broken":{"minecraft:iron_boots":2,"minecraft:iron_chestplate":4,"minecraft:iron_leggings":3,"minecraft:shield":2,"iceandfire:earplugs":1,"minecraft:iron_helmet":4},"minecraft:picked_up":{"minecraft:iron_chestplate":1,"minecraft:chainmail_boots":1,"minecraft:smithing_table":1,"minecraft:enchanted_book":1,"minecraft:potion":7,"minecraft:crimson_planks":1,"minecraft:stone_brick_stairs":2,"minecraft:brewing_stand":1,"tombstone:grave_key":4,"minecraft:polished_deepslate":1,"minecraft:string":5,"minecraft:raw_copper":7,"minecraft:smooth_stone_slab":1,"minecraft:iron_leggings":2,"iceandfire:sea_serpent_scales_bronze":7,"minecraft:oak_sign":1,"minecraft:sea_pickle":3,"minecraft:diamond_leggings":1,"minecraft:smooth_stone":1,"minecraft:cobbled_deepslate":27,"minecraft:spruce_planks":23,"minecraft:calcite":1,"minecraft:netherite_upgrade_smithing_template":1,"minecraft:iron_pickaxe":1,"minecraft:coal_block":13,"minecraft:torch":107,"minecraft:acacia_log":12,"minecraft:porkchop":3,"minecraft:cherry_log":25,"tombstone:grave_dust":8,"minecraft:diorite":14,"minecraft:cauldron":3,"travelersbackpack:iron":1,"minecraft:stone_sword":2,"minecraft:rotten_flesh":49,"minecraft:iron_block":8,"minecraft:white_terracotta":10,"minecraft:iron_bars":2,"minecraft:cobblestone":299,"minecraft:pink_petals":2,"iceandfire:sapphire_gem":2,"minecraft:andesite":11,"minecraft:black_bed":3,"minecraft:flint":92,"minecraft:tuff":2,"minecraft:acacia_boat":1,"minecraft:dirt":97,"minecraft:mangrove_slab":4,"minecraft:bone":1,"minecraft:gray_terracotta":1,"minecraft:stonecutter":1,"minecraft:wheat_seeds":5,"minecraft:oak_planks":4,"minecraft:black_terracotta":3,"iceandfire:pixie_house_birch":2,"minecraft:sand":1,"minecraft:nether_brick_stairs":3,"minecraft:ink_sac":2,"minecraft:diamond_block":1,"minecraft:barrel":6,"minecraft:trapped_chest":1,"minecraft:red_terracotta":2,"minecraft:polished_andesite":17,"minecraft:dispenser":1,"minecraft:diamond":90,"minecraft:lever":1,"minecraft:granite":12,"minecraft:golden_apple":1,"minecraft:chainmail_helmet":1,"minecraft:netherrack":1,"iceandfire:silver_nugget":74,"iceandfire:raw_silver":2,"armorplus:lava_shard":11,"minecraft:diamond_pickaxe":2,"minecraft:charcoal":96,"minecraft:crafting_table":4,"minecraft:gold_block":1,"minecraft:shield":1,"minecraft:flint_and_steel":3,"minecraft:netherite_scrap":29,"minecraft:cyan_carpet":1,"minecraft:andesite_stairs":1,"minecraft:lectern":1,"minecraft:sugar_cane":3,"minecraft:chest":3,"minecraft:mangrove_sign":2,"minecraft:carrot":64,"minecraft:dark_oak_planks":4,"minecraft:arrow":3,"minecraft:nether_bricks":3,"minecraft:diamond_boots":1,"minecraft:hay_block":42,"minecraft:gold_ingot":59,"iceandfire:earplugs":1,"minecraft:mutton":14,"minecraft:white_wool":15,"iceandfire:sea_serpent_fang":29,"minecraft:salmon":2,"minecraft:oak_log":53,"minecraft:chainmail_chestplate":1,"minecraft:ancient_debris":3,"iceandfire:ectoplasm":2,"minecraft:gunpowder":18,"simpletomb:grave_key":2,"tombstone:gift":2,"iceandfire:tide_green_chestplate":3,"minecraft:gray_carpet":2,"minecraft:stone_bricks":2,"minecraft:kelp":2,"minecraft:iron_ingot":101,"minecraft:stone_pickaxe":1,"minecraft:cobweb":5,"tombstone:bag_of_seeds":1,"minecraft:iron_sword":4,"minecraft:book":46,"minecraft:emerald_block":3,"iceandfire:sea_serpent_scales_green":35,"minecraft:stone_brick_slab":1,"minecraft:lava_bucket":2,"minecraft:blast_furnace":1,"minecraft:white_bed":17,"artifacts:scarf_of_invisibility":1,"travelersbackpack:fox":7,"minecraft:stone_axe":2,"minecraft:chainmail_leggings":1,"minecraft:iron_helmet":4,"minecraft:diamond_axe":3,"minecraft:baked_potato":33,"tombstone:magic_scroll":1,"minecraft:black_wool":1,"minecraft:coal":80,"minecraft:ender_pearl":12,"minecraft:sunflower":2},"minecraft:mined":{"minecraft:dark_oak_planks":5,"minecraft:spruce_planks":3,"minecraft:white_bed":17,"minecraft:black_terracotta":4,"minecraft:andesite_stairs":1,"minecraft:cherry_log":25,"armorplus:ore_lava_crystal_stone":9,"minecraft:brewing_stand":1,"minecraft:granite":5,"minecraft:acacia_log":13,"minecraft:grass_block":50,"minecraft:coal_block":3,"minecraft:spawner":32,"minecraft:smooth_stone":3,"minecraft:tall_seagrass":1,"minecraft:dark_oak_trapdoor":1,"minecraft:fire":5,"minecraft:iron_ore":4,"minecraft:barrel":10,"minecraft:nether_brick_stairs":3,"minecraft:water_cauldron":3,"minecraft:dirt_path":3,"minecraft:iron_bars":4,"minecraft:waxed_cut_copper":1,"minecraft:gray_terracotta":1,"minecraft:torch":1,"minecraft:blast_furnace":1,"minecraft:calcite":1,"minecraft:chest":3,"minecraft:cobblestone":4,"minecraft:oak_planks":4,"minecraft:wall_torch":3,"minecraft:pink_petals":4,"minecraft:seagrass":2,"minecraft:white_terracotta":10,"minecraft:black_bed":2,"minecraft:stone_brick_stairs":1,"minecraft:smooth_stone_slab":2,"minecraft:grass":35,"minecraft:oak_log":54,"minecraft:sand":1,"minecraft:dirt":39,"minecraft:crimson_planks":1,"minecraft:dispenser":1,"minecraft:stonecutter":1,"minecraft:netherrack":1,"minecraft:oak_leaves":10,"minecraft:deepslate":25,"minecraft:emerald_block":1,"minecraft:tuff":2,"iceandfire:silver_ore":2,"minecraft:quartz_stairs":1,"minecraft:mossy_cobblestone":1,"iceandfire:frozen_cobblestone":3,"travelersbackpack:fox":1,"minecraft:nether_bricks":3,"iceandfire:frozen_stone":1,"minecraft:spruce_leaves":16,"minecraft:hay_block":42,"minecraft:waxed_oxidized_cut_copper":1,"minecraft:andesite":11,"minecraft:gold_block":1,"minecraft:bookshelf":14,"minecraft:vine":1,"minecraft:stone":233,"minecraft:smithing_table":1,"minecraft:acacia_leaves":3,"minecraft:stone_brick_slab":1,"minecraft:crafting_table":5,"minecraft:lectern":1,"minecraft:tall_grass":2,"minecraft:copper_ore":2,"minecraft:diorite":19,"minecraft:red_terracotta":2,"minecraft:sea_pickle":1,"minecraft:birch_leaves":2,"minecraft:mangrove_slab":2,"minecraft:cherry_leaves":1,"minecraft:sunflower":2,"minecraft:cyan_carpet":1,"minecraft:yellow_concrete":2,"minecraft:gray_carpet":2,"minecraft:polished_andesite":10,"minecraft:stone_bricks":6,"minecraft:fern":4},"minecraft:dropped":{"minecraft:nether_brick_stairs":3,"minecraft:iron_sword":2,"minecraft:diamond_axe":3,"minecraft:baked_potato":1,"minecraft:diamond":4,"minecraft:dirt":18,"minecraft:mutton":8,"minecraft:sunflower":2,"minecraft:sand":1,"minecraft:iron_pickaxe":2,"minecraft:cyan_carpet":1,"minecraft:bone":1,"minecraft:stone_axe":1,"minecraft:emerald_block":1,"minecraft:sugar_cane":3,"minecraft:lever":1,"minecraft:cobbled_deepslate":3,"minecraft:rotten_flesh":13,"minecraft:black_terracotta":2,"iceandfire:tide_green_chestplate":4,"minecraft:oak_planks":54,"minecraft:mangrove_sign":1,"minecraft:salmon":2,"minecraft:acacia_button":2,"minecraft:charcoal":126,"minecraft:ladder":1,"armorplus:lava_shard":6,"minecraft:iron_bars":2,"travelersbackpack:fox":5,"minecraft:stone_brick_stairs":2,"minecraft:crimson_planks":1,"minecraft:iron_ingot":1,"minecraft:bread":39,"minecraft:wheat_seeds":5,"simpletomb:grave_key":2,"minecraft:iron_helmet":3,"minecraft:cobblestone":52,"minecraft:granite":13,"iceandfire:sea_serpent_scales_green":5,"minecraft:coal":116,"minecraft:coal_block":1,"minecraft:cobweb":4,"minecraft:lava_bucket":2,"iceandfire:tide_green_leggings":1,"minecraft:diorite":2,"minecraft:ink_sac":2,"minecraft:torch":43,"tombstone:grave_key":4,"minecraft:cherry_planks":80,"tombstone:grave_dust":1,"minecraft:potion":2,"minecraft:iron_leggings":1,"minecraft:smooth_stone":1,"iceandfire:pixie_house_birch":2,"iceandfire:silver_nugget":36,"iceandfire:earplugs":2,"minecraft:kelp":2,"minecraft:stone_sword":2,"minecraft:raw_copper":7,"minecraft:smooth_stone_slab":1,"minecraft:oak_sign":1,"minecraft:red_terracotta":2,"minecraft:flint_and_steel":1,"minecraft:shield":1,"minecraft:spruce_planks":17,"minecraft:diamond_pickaxe":3,"minecraft:andesite":1,"minecraft:stone_bricks":2,"minecraft:stone_pickaxe":1,"iceandfire:sea_serpent_fang":26},"minecraft:crafted":{"minecraft:oak_planks":212,"travelersbackpack:iron":1,"minecraft:cherry_boat":1,"minecraft:diamond_helmet":1,"minecraft:iron_boots":2,"minecraft:chest":1,"minecraft:netherite_helmet":1,"minecraft:stone_hoe":1,"minecraft:diamond_axe":1,"minecraft:crafting_table":7,"minecraft:wooden_pickaxe":1,"minecraft:iron_helmet":2,"travelersbackpack:standard":1,"minecraft:smithing_table":1,"minecraft:acacia_button":2,"iceandfire:earplugs":2,"minecraft:iron_chestplate":2,"minecraft:shield":1,"minecraft:stick":20,"minecraft:iron_pickaxe":1,"minecraft:netherite_ingot":4,"minecraft:shears":1,"minecraft:cherry_planks":100,"minecraft:coal":63,"iceandfire:tide_green_chestplate":2,"iceandfire:tide_green_leggings":2,"minecraft:stone_pickaxe":1,"minecraft:diamond_boots":1,"minecraft:wheat":378,"minecraft:bucket":2,"minecraft:bread":126,"minecraft:acacia_boat":3,"minecraft:iron_leggings":1,"minecraft:white_bed":3,"minecraft:acacia_planks":48,"minecraft:torch":108},"minecraft:custom":{"minecraft:interact_with_crafting_table":52,"minecraft:open_barrel":54,"minecraft:leave_game":11,"minecraft:time_since_death":1407,"minecraft:sprint_one_cm":667072,"minecraft:damage_blocked_by_shield":3750,"minecraft:drop":279,"minecraft:play_noteblock":1,"minecraft:play_time":471708,"minecraft:deaths":129,"minecraft:jump":7373,"minecraft:walk_on_water_one_cm":192646,"minecraft:sleep_in_bed":17,"tombstone:sneak_grave":1,"minecraft:damage_dealt":9653,"minecraft:crouch_one_cm":6729,"tombstone:undead_killed":23,"minecraft:inspect_dispenser":1,"minecraft:interact_with_smithing_table":3,"minecraft:mob_kills":50,"minecraft:climb_one_cm":34472,"minecraft:walk_one_cm":717917,"minecraft:sneak_time":5894,"minecraft:walk_under_water_one_cm":208886,"minecraft:boat_one_cm":935913,"minecraft:total_world_time":471708,"tombstone:raider_killed":4,"minecraft:tune_noteblock":1,"minecraft:time_since_rest":118,"minecraft:damage_taken":48621,"minecraft:trigger_trapped_chest":7,"minecraft:swim_one_cm":152339,"minecraft:fly_one_cm":1413476,"minecraft:open_chest":52,"minecraft:fall_one_cm":189851}},"DataVersion":3465}