{"stats":{"minecraft:custom":{"minecraft:mob_kills":10,"minecraft:interact_with_crafting_table":23,"minecraft:open_barrel":6,"minecraft:leave_game":3,"minecraft:time_since_death":1185,"minecraft:climb_one_cm":16962,"minecraft:sprint_one_cm":249152,"minecraft:walk_one_cm":240105,"minecraft:damage_blocked_by_shield":1620,"minecraft:drop":32,"minecraft:play_time":125598,"minecraft:deaths":16,"minecraft:sneak_time":2634,"minecraft:walk_under_water_one_cm":4760,"minecraft:jump":2046,"minecraft:walk_on_water_one_cm":5158,"minecraft:total_world_time":125598,"minecraft:sleep_in_bed":12,"minecraft:time_since_rest":235,"minecraft:damage_taken":6445,"minecraft:trigger_trapped_chest":6,"minecraft:damage_dealt":1148,"minecraft:swim_one_cm":5894,"minecraft:fly_one_cm":288478,"minecraft:open_chest":8,"minecraft:crouch_one_cm":4506,"tombstone:undead_killed":5,"minecraft:fall_one_cm":61066},"minecraft:mined":{"minecraft:dark_oak_planks":5,"minecraft:white_bed":5,"iceandfire:silver_ore":1,"minecraft:andesite_stairs":1,"minecraft:cherry_log":25,"minecraft:brewing_stand":1,"minecraft:grass_block":32,"minecraft:spawner":4,"minecraft:hay_block":42,"minecraft:waxed_oxidized_cut_copper":1,"minecraft:dark_oak_trapdoor":1,"minecraft:iron_ore":4,"minecraft:gold_block":1,"minecraft:bookshelf":14,"minecraft:water_cauldron":3,"minecraft:dirt_path":3,"minecraft:stone":32,"minecraft:waxed_cut_copper":1,"minecraft:stone_brick_slab":1,"minecraft:crafting_table":2,"minecraft:blast_furnace":1,"minecraft:calcite":1,"minecraft:lectern":1,"minecraft:tall_grass":1,"minecraft:cobblestone":3,"minecraft:oak_planks":1,"minecraft:diorite":1,"minecraft:pink_petals":4,"minecraft:sea_pickle":1,"minecraft:birch_leaves":2,"minecraft:black_bed":2,"minecraft:grass":15,"minecraft:mangrove_slab":2,"minecraft:oak_log":53,"minecraft:cherry_leaves":1,"minecraft:cyan_carpet":1,"minecraft:dirt":23,"minecraft:gray_carpet":2,"minecraft:stonecutter":1,"minecraft:netherrack":1,"minecraft:oak_leaves":7},"minecraft:picked_up":{"minecraft:crafting_table":2,"minecraft:chainmail_boots":1,"minecraft:gold_block":1,"minecraft:brewing_stand":1,"minecraft:polished_deepslate":1,"minecraft:string":2,"minecraft:iron_leggings":1,"minecraft:cyan_carpet":1,"minecraft:oak_sign":1,"minecraft:sea_pickle":3,"minecraft:andesite_stairs":1,"minecraft:calcite":1,"minecraft:lectern":1,"minecraft:torch":49,"minecraft:cherry_log":25,"minecraft:mangrove_sign":2,"tombstone:grave_dust":5,"minecraft:diorite":1,"minecraft:carrot":64,"minecraft:cauldron":3,"minecraft:dark_oak_planks":4,"minecraft:rotten_flesh":26,"minecraft:stone_sword":1,"minecraft:arrow":3,"minecraft:hay_block":42,"minecraft:mutton":6,"minecraft:cobblestone":61,"minecraft:white_wool":7,"minecraft:pink_petals":2,"minecraft:black_bed":3,"minecraft:tuff":1,"minecraft:oak_log":52,"minecraft:chainmail_chestplate":1,"minecraft:dirt":62,"minecraft:mangrove_slab":4,"tombstone:gift":1,"minecraft:gray_carpet":2,"minecraft:stonecutter":1,"minecraft:stone_pickaxe":1,"minecraft:iron_ingot":65,"tombstone:bag_of_seeds":1,"minecraft:oak_planks":2,"minecraft:iron_sword":1,"minecraft:book":42,"minecraft:stone_brick_slab":1,"minecraft:blast_furnace":1,"minecraft:white_bed":5,"minecraft:trapped_chest":1,"minecraft:diamond":3,"minecraft:stone_axe":2,"minecraft:chainmail_leggings":1,"minecraft:golden_apple":1,"minecraft:chainmail_helmet":1,"minecraft:baked_potato":33,"tombstone:magic_scroll":1,"minecraft:black_wool":1,"minecraft:netherrack":1,"minecraft:coal":2,"iceandfire:raw_silver":1,"minecraft:ender_pearl":1},"minecraft:dropped":{"minecraft:baked_potato":1,"minecraft:dirt":5,"minecraft:torch":28,"minecraft:cherry_planks":20,"minecraft:cyan_carpet":1,"minecraft:stone_axe":1,"minecraft:oak_planks":52,"minecraft:mangrove_sign":1,"minecraft:oak_sign":1,"minecraft:ladder":1,"minecraft:stone_pickaxe":1},"minecraft:crafted":{"minecraft:cherry_planks":100,"minecraft:oak_planks":208,"minecraft:cherry_boat":1,"minecraft:iron_boots":1,"minecraft:stone_pickaxe":1,"minecraft:chest":1,"minecraft:stone_hoe":1,"minecraft:wheat":378,"minecraft:diamond_axe":1,"minecraft:crafting_table":2,"minecraft:wooden_pickaxe":1,"minecraft:iron_helmet":1,"minecraft:bucket":2,"minecraft:bread":126,"minecraft:iron_chestplate":1,"minecraft:shield":1,"minecraft:stick":20,"minecraft:iron_pickaxe":1,"minecraft:iron_leggings":1,"minecraft:white_bed":2,"minecraft:torch":8},"minecraft:killed":{"minecraft:spider":1,"minecraft:skeleton":2,"minecraft:sheep":4,"minecraft:zombie":3},"minecraft:used":{"minecraft:stone_sword":46,"minecraft:chest":1,"minecraft:shield":6,"minecraft:iron_sword":17,"minecraft:stone_hoe":47,"simpletomb:grave_key":1,"minecraft:torch":14,"minecraft:dirt":48,"minecraft:chainmail_chestplate":1,"minecraft:carrot":1,"minecraft:lava_bucket":14,"tombstone:gift":12,"minecraft:trapped_chest":1,"minecraft:stone_pickaxe":53,"minecraft:baked_potato":22,"minecraft:oak_planks":97,"minecraft:wooden_pickaxe":10,"minecraft:chainmail_helmet":1,"minecraft:diamond_axe":46,"minecraft:crafting_table":4,"minecraft:white_bed":7,"minecraft:black_bed":4,"minecraft:bread":12,"minecraft:iron_pickaxe":11,"tombstone:grave_key":2,"minecraft:stone_axe":69,"minecraft:cobblestone":50,"minecraft:bucket":15,"minecraft:chainmail_leggings":1}},"DataVersion":3465}