{"stats":{"minecraft:killed":{"minecraft:spider":1,"minecraft:sheep":2,"minecraft:skeleton":9,"minecraft:zombie":2},"minecraft:used":{"minecraft:moss_block":3,"minecraft:stone_sword":116,"minecraft:stone_pickaxe":29,"minecraft:baked_potato":14,"minecraft:oak_planks":34,"minecraft:wooden_pickaxe":8,"minecraft:cherry_planks":4,"minecraft:chainmail_helmet":1,"travelersbackpack:bat":1,"simpletomb:grave_key":1,"minecraft:white_wool":1,"minecraft:torch":4,"minecraft:dirt":17,"minecraft:crafting_table":2,"minecraft:spruce_stairs":6,"minecraft:chainmail_chestplate":1,"minecraft:black_bed":2,"minecraft:oak_log":6,"minecraft:dark_oak_planks":6,"minecraft:stone_axe":89,"minecraft:wooden_sword":62,"minecraft:cobblestone":10,"minecraft:chainmail_boots":1,"minecraft:chainmail_leggings":1},"minecraft:broken":{"minecraft:wooden_sword":1,"minecraft:stone_axe":1},"minecraft:picked_up":{"minecraft:birch_log":2,"minecraft:crafting_table":1,"minecraft:lilac":1,"travelersbackpack:bat":1,"minecraft:chainmail_boots":1,"minecraft:black_bed":3,"minecraft:potion":1,"minecraft:oak_log":21,"minecraft:chainmail_chestplate":1,"minecraft:dirt":17,"minecraft:lantern":5,"minecraft:bone":9,"minecraft:oak_sign":1,"minecraft:iron_ingot":10,"minecraft:bamboo":5,"minecraft:moss_block":3,"minecraft:oak_planks":1,"minecraft:book":18,"minecraft:torch":6,"minecraft:spruce_stairs":6,"minecraft:spruce_fence":1,"minecraft:cherry_log":1,"tombstone:grave_dust":1,"minecraft:carrot":64,"minecraft:trapped_chest":1,"minecraft:spider_eye":1,"minecraft:dark_oak_planks":1,"minecraft:oak_wood":1,"minecraft:stone_sword":1,"minecraft:arrow":8,"minecraft:stone_axe":1,"minecraft:soul_lantern":5,"minecraft:chainmail_leggings":1,"minecraft:hay_block":3,"minecraft:painting":1,"minecraft:stripped_dark_oak_wood":2,"minecraft:gray_wool":1,"minecraft:chainmail_helmet":1,"minecraft:baked_potato":32,"minecraft:mutton":2,"minecraft:coal":17,"minecraft:cobblestone":13,"minecraft:white_wool":2},"minecraft:mined":{"minecraft:dark_oak_planks":1,"minecraft:cherry_log":1,"minecraft:crafting_table":1,"minecraft:torch":2,"minecraft:calcite":4,"minecraft:spruce_fence":1,"minecraft:oak_wood":1,"minecraft:grass_block":6,"minecraft:tall_grass":1,"minecraft:oak_planks":1,"minecraft:wall_torch":1,"minecraft:spawner":1,"minecraft:spruce_stairs":6,"minecraft:hay_block":3,"minecraft:spore_blossom":1,"minecraft:birch_log":2,"minecraft:lilac":1,"minecraft:black_bed":2,"minecraft:stripped_dark_oak_wood":2,"minecraft:grass":4,"minecraft:bookshelf":6,"minecraft:coal_ore":17,"minecraft:oak_log":20,"minecraft:dirt":11,"minecraft:bamboo":1,"minecraft:stone":13,"minecraft:white_wool":1},"minecraft:dropped":{"travelersbackpack:bat":1},"minecraft:crafted":{"minecraft:cherry_planks":4,"minecraft:wooden_sword":2,"minecraft:oak_planks":64,"minecraft:crafting_table":5,"minecraft:wooden_pickaxe":1,"minecraft:birch_planks":8,"minecraft:stick":24,"minecraft:stone_pickaxe":1,"minecraft:torch":4},"minecraft:custom":{"minecraft:mob_kills":15,"minecraft:interact_with_cartography_table":1,"minecraft:interact_with_crafting_table":4,"minecraft:open_barrel":4,"minecraft:leave_game":1,"minecraft:time_since_death":3048,"minecraft:sleep_in_bed":2,"minecraft:time_since_rest":2878,"minecraft:sprint_one_cm":159268,"minecraft:damage_taken":1565,"minecraft:walk_one_cm":107841,"minecraft:drop":1,"minecraft:damage_dealt":2856,"minecraft:swim_one_cm":313,"minecraft:fly_one_cm":150601,"tombstone:undead_killed":11,"minecraft:crouch_one_cm":6243,"minecraft:play_time":55484,"minecraft:deaths":4,"minecraft:sneak_time":2745,"minecraft:walk_under_water_one_cm":116,"minecraft:jump":764,"minecraft:interact_with_blast_furnace":1,"minecraft:walk_on_water_one_cm":435,"minecraft:total_world_time":55484,"minecraft:fall_one_cm":21718}},"DataVersion":3465}