{"stats":{"minecraft:killed":{"minecraft:spider":1,"minecraft:skeleton":12,"minecraft:chicken":1,"minecraft:iron_golem":1,"minecraft:sheep":3,"minecraft:zombie":5},"minecraft:used":{"minecraft:moss_block":3,"minecraft:jungle_leaves":1,"minecraft:stone_sword":130,"minecraft:iron_shovel":133,"minecraft:chest":5,"minecraft:spruce_planks":4,"minecraft:iron_sword":159,"travelersbackpack:bat":3,"simpletomb:grave_key":3,"minecraft:iron_chestplate":1,"minecraft:torch":57,"minecraft:dirt":181,"minecraft:spruce_stairs":6,"minecraft:chainmail_chestplate":1,"minecraft:carrot":7,"travelersbackpack:iron":1,"securitycraft:reinforced_jungle_log":97,"minecraft:dark_oak_planks":16,"minecraft:lantern":3,"minecraft:iron_axe":25,"minecraft:iron_helmet":1,"minecraft:iron_boots":1,"tombstone:gift":6,"minecraft:trapped_chest":1,"travelersbackpack:fox":3,"minecraft:calcite":1,"minecraft:stone_pickaxe":70,"minecraft:baked_potato":32,"minecraft:oak_planks":34,"minecraft:wooden_pickaxe":8,"minecraft:cherry_planks":4,"minecraft:chainmail_helmet":1,"minecraft:diamond_axe":339,"minecraft:white_wool":1,"minecraft:vine":28,"minecraft:crafting_table":14,"securitycraft:universal_block_remover":1,"minecraft:black_bed":3,"minecraft:shears":575,"minecraft:oak_log":11,"minecraft:diamond_shovel":74,"minecraft:cyan_bed":1,"minecraft:bread":22,"minecraft:iron_pickaxe":350,"minecraft:stone_axe":89,"minecraft:wooden_sword":62,"minecraft:cobblestone":20,"minecraft:chainmail_boots":1,"minecraft:chainmail_leggings":1},"minecraft:broken":{"minecraft:stone_sword":1,"minecraft:shears":2,"minecraft:wooden_sword":1,"minecraft:stone_axe":1,"minecraft:iron_pickaxe":1,"securitycraft:universal_block_reinforcer_lvl1":1},"minecraft:mined":{"minecraft:dark_oak_planks":3,"minecraft:spruce_planks":4,"minecraft:cherry_log":1,"minecraft:jungle_leaves":506,"minecraft:granite":2,"minecraft:grass_block":77,"minecraft:spruce_fence":1,"minecraft:jungle_log":318,"travelersbackpack:iron":1,"minecraft:spawner":4,"minecraft:hay_block":3,"minecraft:spore_blossom":1,"minecraft:iron_ore":18,"minecraft:andesite":32,"minecraft:stripped_dark_oak_wood":2,"minecraft:vine":40,"minecraft:bookshelf":6,"minecraft:deepslate_iron_ore":7,"minecraft:dirt_path":27,"minecraft:lantern":2,"minecraft:bamboo":2,"minecraft:stone":221,"minecraft:white_wool":1,"minecraft:oak_fence":1,"minecraft:crafting_table":8,"minecraft:torch":12,"minecraft:oak_wood":1,"minecraft:calcite":19,"minecraft:copper_ore":11,"minecraft:tall_grass":1,"minecraft:cyan_bed":1,"minecraft:oak_planks":1,"minecraft:diorite":13,"minecraft:wall_torch":7,"minecraft:spruce_stairs":6,"minecraft:trapped_chest":1,"minecraft:birch_log":2,"minecraft:lilac":1,"minecraft:birch_leaves":1,"minecraft:black_bed":2,"minecraft:coal_ore":26,"minecraft:grass":16,"minecraft:oak_log":36,"minecraft:dripstone_block":1,"minecraft:gravel":6,"minecraft:cyan_carpet":2,"minecraft:dirt":102,"minecraft:oak_leaves":75,"minecraft:deepslate":56,"minecraft:fern":2},"minecraft:picked_up":{"minecraft:cocoa_beans":4,"iceandfire:tide_green_leggings":1,"minecraft:iron_chestplate":1,"minecraft:crafting_table":8,"travelersbackpack:bat":1,"minecraft:chainmail_boots":2,"minecraft:chicken":1,"minecraft:leather_leggings":1,"minecraft:enchanted_book":1,"minecraft:potion":1,"minecraft:stone_brick_stairs":2,"securitycraft:reinforced_jungle_planks":108,"minecraft:string":2,"iceandfire:frozen_stone":2,"minecraft:raw_copper":39,"minecraft:flint_and_steel":1,"minecraft:cyan_carpet":2,"minecraft:oak_sign":1,"iceandfire:sea_serpent_scales_bronze":7,"minecraft:diamond_leggings":1,"minecraft:cobbled_deepslate":55,"minecraft:spruce_planks":4,"minecraft:calcite":7,"minecraft:jungle_sapling":2,"minecraft:chest":1,"minecraft:raw_iron":25,"minecraft:stick":40,"minecraft:oak_fence":1,"minecraft:torch":26,"minecraft:spruce_stairs":6,"minecraft:spruce_fence":1,"minecraft:cherry_log":1,"minecraft:pointed_dripstone":2,"tombstone:grave_dust":1,"minecraft:diorite":13,"minecraft:vine":30,"minecraft:carrot":64,"minecraft:dark_oak_planks":3,"travelersbackpack:iron":1,"minecraft:stone_sword":1,"minecraft:arrow":24,"minecraft:rotten_flesh":2,"minecraft:diamond_boots":2,"minecraft:hay_block":3,"securitycraft:reinforced_jungle_log":192,"minecraft:stripped_dark_oak_wood":2,"minecraft:gold_ingot":60,"minecraft:mutton":4,"minecraft:white_wool":4,"minecraft:cobblestone":205,"minecraft:birch_log":2,"minecraft:lilac":1,"minecraft:jungle_log":305,"minecraft:andesite":31,"minecraft:black_bed":3,"minecraft:fern":1,"minecraft:oak_log":36,"minecraft:chainmail_chestplate":1,"minecraft:dirt":190,"minecraft:lantern":7,"iceandfire:tide_green_chestplate":3,"minecraft:bone":14,"minecraft:gray_carpet":1,"minecraft:gray_terracotta":1,"minecraft:wheat_seeds":1,"minecraft:iron_ingot":15,"securitycraft:universal_block_reinforcer_lvl1":1,"minecraft:bamboo":5,"minecraft:moss_block":3,"minecraft:iron_sword":3,"minecraft:oak_planks":1,"minecraft:book":18,"minecraft:dripstone_block":1,"minecraft:gravel":7,"minecraft:jungle_planks":44,"minecraft:cyan_bed":1,"minecraft:trapped_chest":2,"minecraft:spider_eye":2,"minecraft:jungle_leaves":294,"minecraft:polished_andesite":4,"minecraft:oak_wood":1,"travelersbackpack:fox":2,"minecraft:diamond_shovel":1,"minecraft:stone_axe":1,"minecraft:netherite_helmet":1,"minecraft:soul_lantern":5,"minecraft:chainmail_leggings":1,"minecraft:granite":2,"minecraft:diamond_axe":4,"minecraft:painting":2,"minecraft:golden_apple":1,"minecraft:gray_wool":1,"minecraft:chainmail_helmet":1,"minecraft:baked_potato":32,"minecraft:oak_leaves":5,"minecraft:coal":26},"minecraft:dropped":{"minecraft:iron_sword":3,"minecraft:vine":2,"minecraft:wheat_seeds":1,"minecraft:diamond_axe":3,"minecraft:lilac":1,"iceandfire:sea_serpent_scales_bronze":7,"minecraft:crafting_table":3,"minecraft:dripstone_block":1,"minecraft:netherite_helmet":1,"minecraft:cobblestone":182,"minecraft:granite":2,"minecraft:chainmail_helmet":1,"minecraft:golden_apple":1,"minecraft:polished_andesite":4,"minecraft:stick":12,"minecraft:emerald":1,"iceandfire:tide_green_leggings":1,"minecraft:dirt":18,"minecraft:gray_wool":1,"minecraft:diorite":13,"minecraft:torch":6,"minecraft:mutton":4,"tombstone:grave_dust":4,"minecraft:jungle_sapling":2,"minecraft:pumpkin_pie":7,"minecraft:string":2,"minecraft:trapped_chest":1,"minecraft:white_wool":2,"minecraft:gray_carpet":1,"minecraft:cyan_carpet":2,"minecraft:gold_ingot":70,"minecraft:bone":15,"minecraft:gravel":7,"minecraft:cobbled_deepslate":55,"minecraft:cocoa_beans":4,"minecraft:pointed_dripstone":3,"minecraft:chicken":1,"minecraft:rotten_flesh":1,"iceandfire:tide_green_chestplate":3,"iceandfire:frozen_stone":2,"minecraft:diamond_shovel":1,"travelersbackpack:bat":1,"minecraft:spruce_fence":1,"minecraft:flint_and_steel":1,"minecraft:chainmail_chestplate":1,"minecraft:gray_terracotta":1,"minecraft:iron_chestplate":1,"minecraft:andesite":31,"minecraft:chainmail_boots":2,"minecraft:chest":1,"minecraft:bamboo":5,"minecraft:spider_eye":2,"minecraft:diamond_boots":2,"minecraft:stone_pickaxe":1,"minecraft:arrow":28,"minecraft:calcite":6,"minecraft:stone_brick_stairs":2},"minecraft:crafted":{"minecraft:cherry_planks":4,"minecraft:wooden_sword":2,"minecraft:oak_planks":104,"securitycraft:reinforced_jungle_stairs":152,"securitycraft:reinforced_jungle_planks":128,"minecraft:iron_boots":1,"securitycraft:universal_block_remover":1,"minecraft:iron_axe":1,"minecraft:stone_pickaxe":1,"minecraft:chest":5,"minecraft:dark_oak_planks":8,"minecraft:crafting_table":10,"minecraft:wooden_pickaxe":1,"minecraft:iron_helmet":1,"minecraft:iron_sword":1,"minecraft:birch_planks":8,"minecraft:jungle_planks":320,"minecraft:iron_chestplate":1,"minecraft:stick":44,"minecraft:iron_pickaxe":3,"minecraft:iron_shovel":1,"minecraft:torch":80,"minecraft:shears":5},"minecraft:custom":{"minecraft:interact_with_smithing_table":1,"minecraft:mob_kills":24,"minecraft:interact_with_crafting_table":27,"minecraft:open_barrel":13,"minecraft:leave_game":1,"minecraft:time_since_death":20010,"minecraft:climb_one_cm":21161,"minecraft:sprint_one_cm":427013,"minecraft:walk_one_cm":389940,"minecraft:drop":84,"minecraft:talked_to_villager":6,"minecraft:play_time":186143,"minecraft:deaths":16,"minecraft:sneak_time":6373,"minecraft:walk_under_water_one_cm":9148,"minecraft:jump":2692,"minecraft:interact_with_blast_furnace":2,"minecraft:walk_on_water_one_cm":5577,"minecraft:total_world_time":186143,"minecraft:interact_with_furnace":1,"minecraft:interact_with_cartography_table":1,"minecraft:sleep_in_bed":5,"minecraft:time_since_rest":19846,"minecraft:damage_taken":7376,"minecraft:trigger_trapped_chest":2,"minecraft:damage_dealt":5442,"minecraft:swim_one_cm":21550,"minecraft:fly_one_cm":388744,"minecraft:open_chest":21,"minecraft:crouch_one_cm":14684,"tombstone:undead_killed":17,"minecraft:fall_one_cm":70098}},"DataVersion":3465}