{"stats":{"minecraft:killed":{"minecraft:spider":1,"minecraft:sheep":2},"minecraft:used":{"minecraft:stone_pickaxe":25,"minecraft:baked_potato":10,"minecraft:oak_planks":30,"minecraft:wooden_pickaxe":8,"minecraft:cherry_planks":4,"minecraft:chainmail_helmet":1,"travelersbackpack:bat":1,"minecraft:white_wool":1,"minecraft:torch":1,"minecraft:dirt":17,"minecraft:crafting_table":2,"minecraft:chainmail_chestplate":1,"minecraft:black_bed":2,"minecraft:oak_log":6,"minecraft:stone_axe":35,"minecraft:wooden_sword":19,"minecraft:cobblestone":10,"minecraft:chainmail_boots":1,"minecraft:chainmail_leggings":1},"minecraft:picked_up":{"minecraft:birch_log":2,"minecraft:crafting_table":1,"travelersbackpack:bat":1,"minecraft:chainmail_boots":1,"minecraft:black_bed":3,"minecraft:oak_log":21,"minecraft:chainmail_chestplate":1,"minecraft:dirt":17,"minecraft:lantern":5,"minecraft:oak_sign":1,"minecraft:iron_ingot":10,"minecraft:bamboo":3,"minecraft:oak_planks":1,"minecraft:book":18,"minecraft:torch":1,"minecraft:spruce_stairs":6,"minecraft:cherry_log":1,"minecraft:carrot":64,"minecraft:trapped_chest":1,"minecraft:spider_eye":1,"minecraft:dark_oak_planks":1,"minecraft:stone_sword":1,"minecraft:stone_axe":1,"minecraft:soul_lantern":4,"minecraft:chainmail_leggings":1,"minecraft:hay_block":3,"minecraft:gray_wool":1,"minecraft:chainmail_helmet":1,"minecraft:baked_potato":32,"minecraft:mutton":2,"minecraft:coal":17,"minecraft:cobblestone":13,"minecraft:white_wool":2},"minecraft:mined":{"minecraft:dark_oak_planks":1,"minecraft:cherry_log":1,"minecraft:crafting_table":1,"minecraft:torch":1,"minecraft:grass_block":6,"minecraft:tall_grass":1,"minecraft:oak_planks":1,"minecraft:spawner":1,"minecraft:spruce_stairs":6,"minecraft:hay_block":3,"minecraft:spore_blossom":1,"minecraft:birch_log":2,"minecraft:black_bed":2,"minecraft:grass":4,"minecraft:bookshelf":6,"minecraft:coal_ore":17,"minecraft:oak_log":20,"minecraft:dirt":11,"minecraft:bamboo":1,"minecraft:stone":13,"minecraft:white_wool":1},"minecraft:dropped":{"travelersbackpack:bat":1},"minecraft:crafted":{"minecraft:cherry_planks":4,"minecraft:wooden_sword":2,"minecraft:oak_planks":60,"minecraft:crafting_table":5,"minecraft:wooden_pickaxe":1,"minecraft:birch_planks":8,"minecraft:stick":24,"minecraft:stone_pickaxe":1,"minecraft:torch":4},"minecraft:custom":{"minecraft:mob_kills":4,"minecraft:interact_with_crafting_table":4,"minecraft:leave_game":1,"minecraft:time_since_death":43484,"minecraft:sleep_in_bed":2,"minecraft:time_since_rest":2070,"minecraft:sprint_one_cm":127674,"minecraft:damage_taken":406,"minecraft:walk_one_cm":72060,"minecraft:drop":1,"minecraft:damage_dealt":460,"minecraft:swim_one_cm":313,"minecraft:fly_one_cm":143720,"minecraft:crouch_one_cm":5470,"minecraft:play_time":43484,"minecraft:sneak_time":2226,"minecraft:walk_under_water_one_cm":116,"minecraft:jump":687,"minecraft:interact_with_blast_furnace":1,"minecraft:walk_on_water_one_cm":435,"minecraft:total_world_time":43484,"minecraft:fall_one_cm":20882}},"DataVersion":3465}