{"stats":{"minecraft:used":{"minecraft:baked_potato":3,"minecraft:wooden_pickaxe":8,"minecraft:chainmail_helmet":1,"travelersbackpack:bat":1,"minecraft:dirt":1,"minecraft:wooden_sword":1,"minecraft:crafting_table":2,"minecraft:chainmail_boots":1,"minecraft:chainmail_chestplate":1,"minecraft:chainmail_leggings":1},"minecraft:mined":{"minecraft:birch_log":2,"minecraft:black_bed":1,"minecraft:grass":1,"minecraft:grass_block":1,"minecraft:oak_log":8,"minecraft:stone":8},"minecraft:picked_up":{"minecraft:birch_log":2,"travelersbackpack:bat":1,"minecraft:chainmail_boots":1,"minecraft:black_bed":2,"minecraft:oak_log":8,"minecraft:chainmail_chestplate":1,"minecraft:carrot":64,"minecraft:trapped_chest":1,"minecraft:dirt":1,"minecraft:stone_sword":1,"minecraft:oak_sign":1,"minecraft:stone_axe":1,"minecraft:chainmail_leggings":1,"minecraft:chainmail_helmet":1,"minecraft:baked_potato":32,"minecraft:cobblestone":8},"minecraft:dropped":{"travelersbackpack:bat":1},"minecraft:crafted":{"minecraft:wooden_sword":2,"minecraft:oak_planks":32,"minecraft:crafting_table":5,"minecraft:stick":24,"minecraft:wooden_pickaxe":1,"minecraft:stone_pickaxe":1,"minecraft:birch_planks":8},"minecraft:custom":{"minecraft:time_since_rest":19990,"minecraft:sprint_one_cm":34311,"minecraft:walk_one_cm":35077,"minecraft:damage_taken":125,"minecraft:drop":1,"minecraft:damage_dealt":25,"minecraft:swim_one_cm":313,"minecraft:interact_with_crafting_table":4,"minecraft:fly_one_cm":49997,"minecraft:crouch_one_cm":30,"minecraft:play_time":19990,"minecraft:sneak_time":28,"minecraft:walk_under_water_one_cm":116,"minecraft:jump":245,"minecraft:leave_game":1,"minecraft:walk_on_water_one_cm":293,"minecraft:time_since_death":19990,"minecraft:total_world_time":19990,"minecraft:fall_one_cm":8265}},"DataVersion":3465}