{"stats":{"minecraft:killed":{"minecraft:spider":1,"minecraft:skeleton":18,"minecraft:chicken":1,"minecraft:parrot":1,"minecraft:iron_golem":1,"minecraft:sheep":3,"minecraft:trader_llama":2,"minecraft:zombie":6,"minecraft:wandering_trader":1},"minecraft:used":{"minecraft:moss_block":3,"minecraft:iron_shovel":133,"minecraft:chest":5,"minecraft:iron_sword":205,"minecraft:iron_chestplate":1,"minecraft:jungle_planks":7,"minecraft:carrot":7,"travelersbackpack:iron":5,"minecraft:glass":1,"securitycraft:reinforced_jungle_log":226,"minecraft:lantern":16,"minecraft:iron_helmet":1,"minecraft:furnace":5,"securitycraft:reinforced_jungle_stairs":133,"minecraft:diamond_boots":2,"minecraft:stone_pickaxe":70,"minecraft:oak_planks":34,"minecraft:wooden_pickaxe":8,"minecraft:chainmail_helmet":1,"minecraft:diamond_axe":715,"minecraft:white_wool":1,"securitycraft:universal_block_remover":216,"minecraft:black_bed":3,"minecraft:shears":961,"minecraft:cyan_bed":1,"minecraft:bread":69,"minecraft:diamond_sword":72,"minecraft:wooden_sword":62,"minecraft:chainmail_boots":1,"minecraft:jungle_leaves":27,"minecraft:stone_sword":130,"iceandfire:silver_sword":5,"minecraft:spruce_planks":4,"travelersbackpack:bat":7,"simpletomb:grave_key":3,"minecraft:torch":84,"minecraft:dirt":206,"iceandfire:pixie_dust":1,"minecraft:spruce_stairs":6,"minecraft:chainmail_chestplate":1,"minecraft:diamond_helmet":2,"minecraft:dark_oak_planks":16,"minecraft:iron_axe":25,"minecraft:jungle_log":6,"minecraft:iron_boots":1,"securitycraft:reinforced_lantern":19,"tombstone:gift":6,"minecraft:trapped_chest":1,"travelersbackpack:fox":13,"minecraft:calcite":1,"minecraft:water_bucket":25,"minecraft:baked_potato":32,"minecraft:cherry_planks":4,"minecraft:vine":28,"minecraft:crafting_table":16,"securitycraft:reinforced_jungle_planks":1118,"securitycraft:reinforced_jungle_fence":225,"minecraft:oak_log":11,"minecraft:diamond_shovel":136,"minecraft:iron_pickaxe":407,"tombstone:magic_scroll":1,"minecraft:stone_axe":89,"minecraft:cobblestone":20,"minecraft:bucket":26,"minecraft:glass_pane":49,"minecraft:chainmail_leggings":1},"minecraft:broken":{"minecraft:shears":3,"minecraft:wooden_sword":1,"minecraft:stone_axe":1,"securitycraft:universal_block_reinforcer_lvl1":2,"minecraft:stone_sword":1,"minecraft:iron_pickaxe":1},"minecraft:picked_up":{"iceandfire:tide_green_leggings":1,"minecraft:iron_chestplate":1,"travelersbackpack:bat":1,"minecraft:chainmail_boots":2,"securitycraft:reinforced_lantern":19,"artifacts:umbrella":1,"minecraft:lead":6,"minecraft:diamond_sword":1,"minecraft:potion":1,"minecraft:enchanted_book":1,"minecraft:stone_brick_stairs":2,"minecraft:string":2,"minecraft:raw_copper":39,"minecraft:oak_sign":1,"iceandfire:sea_serpent_scales_bronze":7,"minecraft:diamond_leggings":1,"minecraft:cobbled_deepslate":55,"minecraft:spruce_planks":4,"minecraft:calcite":7,"minecraft:furnace":1,"iceandfire:pixie_dust":1,"minecraft:stick":41,"minecraft:oak_fence":1,"minecraft:torch":37,"minecraft:spruce_stairs":6,"minecraft:cherry_log":1,"minecraft:pointed_dripstone":2,"tombstone:grave_dust":1,"minecraft:diorite":13,"minecraft:vine":35,"travelersbackpack:iron":1,"minecraft:stone_sword":1,"minecraft:rotten_flesh":4,"minecraft:cobblestone":256,"minecraft:birch_log":2,"minecraft:lilac":1,"minecraft:andesite":31,"minecraft:jungle_log":835,"minecraft:black_bed":3,"minecraft:dirt":222,"minecraft:lantern":15,"minecraft:bone":16,"iceandfire:myrmex_jungle_resin":3,"minecraft:gray_terracotta":1,"minecraft:wheat_seeds":9,"minecraft:bamboo":36,"minecraft:moss_block":3,"minecraft:oak_planks":1,"minecraft:jungle_planks":120,"minecraft:sand":46,"minecraft:cyan_bed":1,"iceandfire:myrmex_stinger":1,"minecraft:trapped_chest":2,"minecraft:jungle_leaves":526,"minecraft:polished_andesite":4,"minecraft:diamond":53,"minecraft:netherite_helmet":1,"minecraft:soul_lantern":5,"minecraft:granite":2,"minecraft:golden_apple":1,"minecraft:bread":58,"minecraft:chainmail_helmet":1,"minecraft:oak_leaves":17,"minecraft:cocoa_beans":4,"minecraft:crafting_table":9,"minecraft:chicken":1,"minecraft:leather_leggings":1,"securitycraft:reinforced_jungle_planks":282,"iceandfire:frozen_stone":2,"minecraft:flint_and_steel":1,"minecraft:cyan_carpet":2,"minecraft:jungle_sapling":2,"minecraft:chest":1,"minecraft:raw_iron":25,"minecraft:spruce_fence":1,"minecraft:carrot":64,"minecraft:redstone":200,"minecraft:dark_oak_planks":3,"securitycraft:reinforced_jungle_fence":20,"minecraft:arrow":28,"minecraft:diamond_boots":2,"minecraft:hay_block":3,"minecraft:stripped_dark_oak_wood":2,"securitycraft:reinforced_jungle_log":709,"minecraft:gold_ingot":60,"minecraft:mutton":6,"minecraft:white_wool":4,"minecraft:fern":1,"minecraft:oak_log":36,"minecraft:chainmail_chestplate":1,"iceandfire:tide_green_chestplate":3,"minecraft:gray_carpet":1,"minecraft:iron_ingot":15,"securitycraft:universal_block_reinforcer_lvl1":1,"minecraft:iron_sword":4,"minecraft:book":18,"minecraft:dripstone_block":1,"minecraft:gravel":7,"securitycraft:reinforced_jungle_stairs":34,"minecraft:spider_eye":2,"travelersbackpack:fox":2,"minecraft:oak_wood":1,"minecraft:diamond_shovel":1,"minecraft:stone_axe":1,"minecraft:chainmail_leggings":1,"minecraft:diamond_axe":4,"minecraft:painting":2,"minecraft:gray_wool":1,"minecraft:baked_potato":32,"minecraft:coal":26},"minecraft:mined":{"minecraft:dark_oak_planks":3,"minecraft:spruce_planks":4,"minecraft:cherry_log":1,"minecraft:jungle_leaves":909,"minecraft:granite":2,"minecraft:grass_block":79,"minecraft:jungle_log":656,"minecraft:white_concrete":1,"travelersbackpack:iron":1,"minecraft:frosted_ice":2,"minecraft:spawner":4,"minecraft:iron_ore":18,"minecraft:stripped_dark_oak_wood":2,"minecraft:dirt_path":27,"minecraft:torch":20,"minecraft:calcite":19,"minecraft:cyan_bed":1,"minecraft:oak_planks":1,"minecraft:wall_torch":8,"minecraft:birch_log":2,"minecraft:lilac":1,"minecraft:black_bed":2,"minecraft:grass":34,"minecraft:oak_log":36,"minecraft:sand":46,"minecraft:dirt":115,"minecraft:oak_leaves":82,"minecraft:deepslate":56,"minecraft:spruce_fence":1,"minecraft:jungle_planks":7,"minecraft:hay_block":3,"minecraft:spore_blossom":1,"minecraft:furnace":1,"minecraft:andesite":32,"minecraft:bookshelf":6,"minecraft:deepslate_iron_ore":7,"minecraft:vine":68,"minecraft:lantern":15,"minecraft:stripped_jungle_log":1,"minecraft:bamboo":11,"minecraft:stone":262,"minecraft:white_wool":1,"minecraft:podzol":1,"minecraft:glass_pane":2,"minecraft:oak_fence":1,"minecraft:crafting_table":9,"minecraft:oak_wood":1,"minecraft:tall_grass":1,"minecraft:copper_ore":11,"minecraft:diorite":13,"minecraft:spruce_stairs":6,"minecraft:trapped_chest":1,"minecraft:birch_leaves":1,"minecraft:coal_ore":26,"minecraft:gravel":6,"minecraft:cyan_carpet":2,"minecraft:dripstone_block":1,"minecraft:fern":7},"minecraft:dropped":{"minecraft:iron_sword":4,"minecraft:diamond_axe":3,"minecraft:crafting_table":3,"minecraft:emerald":1,"minecraft:dirt":18,"minecraft:mutton":4,"minecraft:jungle_sapling":2,"minecraft:pumpkin_pie":7,"minecraft:white_wool":2,"minecraft:cyan_carpet":2,"minecraft:gold_ingot":70,"minecraft:bone":16,"minecraft:gravel":7,"minecraft:cobbled_deepslate":55,"minecraft:pointed_dripstone":3,"minecraft:rotten_flesh":3,"iceandfire:tide_green_chestplate":3,"iceandfire:frozen_stone":2,"minecraft:diamond_shovel":1,"travelersbackpack:bat":1,"minecraft:chainmail_chestplate":1,"minecraft:chest":1,"minecraft:chainmail_boots":2,"minecraft:arrow":32,"minecraft:stone_brick_stairs":2,"minecraft:enchanted_book":1,"minecraft:bread":58,"minecraft:vine":7,"minecraft:wheat_seeds":7,"minecraft:lilac":1,"iceandfire:sea_serpent_scales_bronze":7,"minecraft:dripstone_block":1,"minecraft:netherite_helmet":1,"minecraft:iron_helmet":1,"minecraft:cobblestone":182,"minecraft:lead":6,"minecraft:granite":2,"minecraft:chainmail_helmet":1,"minecraft:golden_apple":1,"minecraft:stick":12,"minecraft:polished_andesite":4,"iceandfire:tide_green_leggings":1,"minecraft:gray_wool":1,"minecraft:diorite":13,"minecraft:torch":6,"tombstone:grave_dust":4,"minecraft:string":2,"minecraft:trapped_chest":1,"minecraft:gray_carpet":1,"minecraft:cocoa_beans":4,"minecraft:chicken":1,"minecraft:spruce_fence":1,"minecraft:flint_and_steel":1,"minecraft:diamond_sword":1,"minecraft:gray_terracotta":1,"minecraft:iron_chestplate":1,"minecraft:andesite":31,"minecraft:spider_eye":2,"minecraft:bamboo":6,"minecraft:diamond_boots":2,"minecraft:stone_pickaxe":1,"minecraft:calcite":6},"minecraft:crafted":{"minecraft:oak_planks":104,"securitycraft:reinforced_jungle_stairs":156,"securitycraft:laser_block":2,"minecraft:glass":46,"securitycraft:reinforced_jungle_planks":1420,"minecraft:diamond_helmet":1,"minecraft:iron_boots":1,"minecraft:chest":5,"minecraft:crafting_table":12,"minecraft:wooden_pickaxe":1,"minecraft:iron_helmet":1,"minecraft:birch_planks":8,"minecraft:iron_chestplate":1,"minecraft:diamond_pickaxe":1,"minecraft:shield":1,"minecraft:stick":244,"minecraft:iron_pickaxe":3,"minecraft:iron_ingot":25,"securitycraft:reinforced_jungle_fence":222,"iceandfire:silver_sword":1,"minecraft:shears":7,"securitycraft:universal_block_reinforcer_lvl1":2,"minecraft:cherry_planks":4,"minecraft:wooden_sword":2,"minecraft:iron_nugget":441,"minecraft:furnace":4,"minecraft:glass_pane":96,"minecraft:lantern":24,"minecraft:iron_axe":1,"securitycraft:universal_block_remover":1,"minecraft:stone_pickaxe":1,"minecraft:diamond_boots":1,"minecraft:redstone_block":7,"minecraft:dark_oak_planks":8,"minecraft:diamond_sword":1,"iceandfire:silver_ingot":3,"minecraft:iron_sword":1,"minecraft:bucket":3,"minecraft:jungle_planks":324,"minecraft:iron_shovel":1,"minecraft:torch":80,"minecraft:diamond_chestplate":1},"minecraft:custom":{"minecraft:interact_with_crafting_table":84,"minecraft:open_barrel":19,"minecraft:leave_game":6,"minecraft:time_since_death":2158,"minecraft:sprint_one_cm":852036,"minecraft:drop":101,"minecraft:talked_to_villager":7,"minecraft:play_time":410014,"minecraft:deaths":22,"minecraft:jump":3887,"minecraft:walk_on_water_one_cm":14750,"minecraft:interact_with_furnace":27,"minecraft:interact_with_cartography_table":1,"minecraft:sleep_in_bed":5,"minecraft:damage_dealt":8463,"minecraft:crouch_one_cm":77455,"tombstone:undead_killed":24,"tombstone:villager_killed":1,"minecraft:interact_with_smithing_table":3,"minecraft:mob_kills":37,"minecraft:interact_with_anvil":2,"minecraft:climb_one_cm":43584,"minecraft:walk_one_cm":925247,"minecraft:sneak_time":25139,"minecraft:walk_under_water_one_cm":64950,"minecraft:interact_with_blast_furnace":2,"minecraft:total_world_time":410014,"minecraft:time_since_rest":1968,"minecraft:damage_taken":11675,"minecraft:trigger_trapped_chest":2,"minecraft:swim_one_cm":28674,"minecraft:fly_one_cm":568070,"minecraft:open_chest":143,"minecraft:fall_one_cm":107377}},"DataVersion":3465}