{"stats":{"minecraft:killed":{"minecraft:spider":1,"minecraft:iron_golem":1,"minecraft:sheep":2,"minecraft:skeleton":12,"minecraft:zombie":3},"minecraft:used":{"minecraft:calcite":1,"minecraft:moss_block":3,"minecraft:stone_sword":130,"minecraft:iron_shovel":131,"minecraft:stone_pickaxe":59,"minecraft:baked_potato":21,"minecraft:oak_planks":34,"minecraft:spruce_planks":4,"minecraft:wooden_pickaxe":8,"minecraft:cherry_planks":4,"minecraft:iron_sword":55,"minecraft:chainmail_helmet":1,"travelersbackpack:bat":1,"simpletomb:grave_key":2,"minecraft:white_wool":1,"minecraft:torch":4,"minecraft:dirt":17,"minecraft:crafting_table":5,"minecraft:spruce_stairs":6,"minecraft:chainmail_chestplate":1,"minecraft:black_bed":2,"minecraft:oak_log":11,"minecraft:dark_oak_planks":16,"minecraft:lantern":2,"minecraft:iron_axe":25,"minecraft:stone_axe":89,"minecraft:wooden_sword":62,"minecraft:cobblestone":10,"minecraft:chainmail_boots":1,"tombstone:gift":2,"minecraft:trapped_chest":1,"minecraft:chainmail_leggings":1},"minecraft:broken":{"minecraft:stone_sword":1,"minecraft:wooden_sword":1,"minecraft:stone_axe":1},"minecraft:picked_up":{"minecraft:birch_log":2,"minecraft:crafting_table":2,"minecraft:lilac":1,"travelersbackpack:bat":1,"minecraft:chainmail_boots":1,"minecraft:leather_leggings":1,"minecraft:black_bed":3,"minecraft:potion":1,"minecraft:oak_log":36,"minecraft:chainmail_chestplate":1,"minecraft:string":2,"minecraft:dirt":142,"minecraft:lantern":6,"minecraft:bone":14,"minecraft:cyan_carpet":2,"minecraft:oak_sign":1,"minecraft:gray_carpet":1,"minecraft:spruce_planks":4,"minecraft:iron_ingot":15,"minecraft:calcite":7,"minecraft:bamboo":5,"minecraft:moss_block":3,"minecraft:oak_planks":1,"minecraft:book":18,"minecraft:stick":30,"minecraft:oak_fence":1,"minecraft:torch":6,"minecraft:spruce_stairs":6,"minecraft:spruce_fence":1,"minecraft:cherry_log":1,"tombstone:grave_dust":1,"minecraft:carrot":64,"minecraft:trapped_chest":2,"minecraft:spider_eye":2,"minecraft:dark_oak_planks":3,"minecraft:oak_wood":1,"minecraft:stone_sword":1,"minecraft:arrow":10,"minecraft:rotten_flesh":1,"minecraft:stone_axe":1,"minecraft:soul_lantern":5,"minecraft:chainmail_leggings":1,"minecraft:hay_block":3,"minecraft:painting":2,"minecraft:stripped_dark_oak_wood":2,"minecraft:gray_wool":1,"minecraft:chainmail_helmet":1,"minecraft:baked_potato":32,"minecraft:mutton":2,"minecraft:coal":19,"minecraft:cobblestone":13,"minecraft:white_wool":3},"minecraft:mined":{"minecraft:dark_oak_planks":3,"minecraft:spruce_planks":4,"minecraft:cherry_log":1,"minecraft:oak_fence":1,"minecraft:crafting_table":1,"minecraft:torch":2,"minecraft:calcite":19,"minecraft:spruce_fence":1,"minecraft:oak_wood":1,"minecraft:grass_block":69,"minecraft:tall_grass":1,"minecraft:oak_planks":1,"minecraft:wall_torch":1,"minecraft:spawner":2,"minecraft:spruce_stairs":6,"minecraft:hay_block":3,"minecraft:spore_blossom":1,"minecraft:trapped_chest":1,"minecraft:birch_log":2,"minecraft:lilac":1,"minecraft:black_bed":2,"minecraft:dirt_path":25,"minecraft:stripped_dark_oak_wood":2,"minecraft:grass":10,"minecraft:bookshelf":6,"minecraft:coal_ore":19,"minecraft:oak_log":36,"minecraft:lantern":1,"minecraft:cyan_carpet":2,"minecraft:dirt":50,"minecraft:bamboo":1,"minecraft:stone":13,"minecraft:white_wool":1},"minecraft:dropped":{"minecraft:lilac":1,"travelersbackpack:bat":1,"minecraft:spruce_fence":1,"minecraft:dirt":1,"minecraft:gray_wool":1,"tombstone:grave_dust":1,"minecraft:spider_eye":2,"minecraft:calcite":6,"minecraft:string":2,"minecraft:white_wool":1,"minecraft:gray_carpet":1,"minecraft:cyan_carpet":2,"minecraft:bone":15},"minecraft:crafted":{"minecraft:cherry_planks":4,"minecraft:wooden_sword":2,"minecraft:oak_planks":64,"minecraft:crafting_table":5,"minecraft:wooden_pickaxe":1,"minecraft:iron_sword":1,"minecraft:birch_planks":8,"minecraft:iron_axe":1,"minecraft:stick":24,"minecraft:iron_shovel":1,"minecraft:stone_pickaxe":1,"minecraft:dark_oak_planks":8,"minecraft:torch":4},"minecraft:custom":{"minecraft:mob_kills":20,"minecraft:interact_with_cartography_table":1,"minecraft:interact_with_crafting_table":7,"minecraft:open_barrel":4,"minecraft:leave_game":1,"minecraft:time_since_death":13239,"minecraft:sleep_in_bed":2,"minecraft:climb_one_cm":420,"minecraft:time_since_rest":12917,"minecraft:sprint_one_cm":211941,"minecraft:damage_taken":2782,"minecraft:walk_one_cm":173505,"minecraft:trigger_trapped_chest":1,"minecraft:drop":16,"minecraft:damage_dealt":4151,"minecraft:talked_to_villager":6,"minecraft:swim_one_cm":2141,"minecraft:fly_one_cm":191998,"minecraft:open_chest":4,"tombstone:undead_killed":15,"minecraft:crouch_one_cm":7359,"minecraft:play_time":73484,"minecraft:deaths":7,"minecraft:sneak_time":3353,"minecraft:walk_under_water_one_cm":3301,"minecraft:jump":978,"minecraft:interact_with_blast_furnace":2,"minecraft:walk_on_water_one_cm":1877,"minecraft:total_world_time":73484,"minecraft:fall_one_cm":28441}},"DataVersion":3465}