{"stats":{"minecraft:killed":{"minecraft:sheep":2,"minecraft:spider":1},"minecraft:used":{"minecraft:stone_pickaxe":24,"minecraft:baked_potato":5,"minecraft:wooden_pickaxe":8,"minecraft:chainmail_helmet":1,"travelersbackpack:bat":1,"minecraft:stone_axe":7,"minecraft:dirt":10,"minecraft:wooden_sword":17,"minecraft:cobblestone":10,"minecraft:crafting_table":2,"minecraft:chainmail_boots":1,"minecraft:chainmail_chestplate":1,"minecraft:black_bed":1,"minecraft:chainmail_leggings":1},"minecraft:mined":{"minecraft:hay_block":3,"minecraft:birch_log":2,"minecraft:black_bed":2,"minecraft:crafting_table":1,"minecraft:grass":4,"minecraft:coal_ore":17,"minecraft:grass_block":6,"minecraft:oak_log":14,"minecraft:dirt":8,"minecraft:stone":13},"minecraft:picked_up":{"minecraft:birch_log":2,"minecraft:crafting_table":1,"travelersbackpack:bat":1,"minecraft:chainmail_boots":1,"minecraft:black_bed":3,"minecraft:oak_log":14,"minecraft:chainmail_chestplate":1,"minecraft:carrot":64,"minecraft:spider_eye":1,"minecraft:trapped_chest":1,"minecraft:dirt":14,"minecraft:stone_sword":1,"minecraft:oak_sign":1,"minecraft:stone_axe":1,"minecraft:chainmail_leggings":1,"minecraft:hay_block":3,"minecraft:iron_ingot":10,"minecraft:gray_wool":1,"minecraft:chainmail_helmet":1,"minecraft:baked_potato":32,"minecraft:mutton":2,"minecraft:coal":17,"minecraft:white_wool":1,"minecraft:cobblestone":13},"minecraft:dropped":{"travelersbackpack:bat":1},"minecraft:crafted":{"minecraft:wooden_sword":2,"minecraft:oak_planks":32,"minecraft:crafting_table":5,"minecraft:stick":24,"minecraft:wooden_pickaxe":1,"minecraft:stone_pickaxe":1,"minecraft:torch":4,"minecraft:birch_planks":8},"minecraft:custom":{"minecraft:time_since_rest":4610,"minecraft:sprint_one_cm":75841,"minecraft:walk_one_cm":50369,"minecraft:damage_taken":226,"minecraft:mob_kills":4,"minecraft:drop":1,"minecraft:damage_dealt":408,"minecraft:swim_one_cm":313,"minecraft:interact_with_crafting_table":4,"minecraft:fly_one_cm":103014,"minecraft:crouch_one_cm":922,"minecraft:play_time":31990,"minecraft:sneak_time":722,"minecraft:walk_under_water_one_cm":116,"minecraft:jump":503,"minecraft:leave_game":1,"minecraft:walk_on_water_one_cm":435,"minecraft:time_since_death":31990,"minecraft:sleep_in_bed":1,"minecraft:total_world_time":31990,"minecraft:fall_one_cm":13486}},"DataVersion":3465}