{"stats":{"minecraft:killed":{"minecraft:spider":1,"minecraft:skeleton":16,"minecraft:chicken":1,"minecraft:parrot":1,"minecraft:iron_golem":1,"minecraft:wandering_trader":1,"minecraft:sheep":3,"minecraft:trader_llama":2,"minecraft:zombie":6},"minecraft:used":{"minecraft:jungle_leaves":27,"minecraft:stone_sword":130,"minecraft:chest":5,"minecraft:spruce_planks":4,"minecraft:iron_sword":205,"travelersbackpack:bat":7,"simpletomb:grave_key":3,"minecraft:iron_chestplate":1,"minecraft:torch":81,"minecraft:dirt":206,"iceandfire:pixie_dust":1,"minecraft:chainmail_chestplate":1,"minecraft:jungle_planks":7,"minecraft:spruce_stairs":6,"minecraft:carrot":7,"minecraft:diamond_helmet":2,"travelersbackpack:iron":5,"minecraft:dark_oak_planks":16,"minecraft:glass":1,"securitycraft:reinforced_jungle_log":159,"minecraft:lantern":16,"minecraft:iron_axe":25,"minecraft:jungle_log":6,"minecraft:iron_helmet":1,"minecraft:iron_boots":1,"securitycraft:reinforced_lantern":19,"minecraft:furnace":5,"minecraft:trapped_chest":1,"tombstone:gift":6,"securitycraft:reinforced_jungle_stairs":86,"travelersbackpack:fox":13,"minecraft:calcite":1,"minecraft:water_bucket":11,"minecraft:diamond_boots":2,"minecraft:baked_potato":32,"minecraft:stone_pickaxe":70,"minecraft:oak_planks":34,"minecraft:wooden_pickaxe":8,"minecraft:cherry_planks":4,"minecraft:chainmail_helmet":1,"minecraft:diamond_axe":479,"minecraft:white_wool":1,"minecraft:vine":28,"minecraft:crafting_table":15,"securitycraft:reinforced_jungle_planks":515,"securitycraft:universal_block_remover":115,"minecraft:black_bed":3,"securitycraft:reinforced_jungle_fence":190,"minecraft:shears":728,"minecraft:oak_log":11,"minecraft:diamond_shovel":136,"minecraft:bread":58,"minecraft:cyan_bed":1,"minecraft:iron_pickaxe":407,"tombstone:magic_scroll":1,"minecraft:stone_axe":89,"minecraft:wooden_sword":62,"minecraft:diamond_sword":53,"minecraft:cobblestone":20,"minecraft:chainmail_boots":1,"minecraft:bucket":12,"minecraft:glass_pane":10,"iceandfire:silver_sword":5,"minecraft:iron_shovel":133,"minecraft:moss_block":3,"minecraft:chainmail_leggings":1},"minecraft:broken":{"minecraft:stone_sword":1,"minecraft:shears":3,"minecraft:wooden_sword":1,"minecraft:stone_axe":1,"minecraft:iron_pickaxe":1,"securitycraft:universal_block_reinforcer_lvl1":1},"minecraft:picked_up":{"iceandfire:tide_green_leggings":1,"minecraft:iron_chestplate":1,"minecraft:cocoa_beans":4,"minecraft:crafting_table":9,"travelersbackpack:bat":1,"minecraft:chainmail_boots":2,"minecraft:chicken":1,"securitycraft:reinforced_lantern":19,"minecraft:leather_leggings":1,"minecraft:lead":6,"minecraft:diamond_sword":1,"artifacts:umbrella":1,"minecraft:enchanted_book":1,"minecraft:potion":1,"minecraft:stone_brick_stairs":2,"securitycraft:reinforced_jungle_planks":209,"minecraft:string":2,"iceandfire:frozen_stone":2,"minecraft:raw_copper":39,"minecraft:flint_and_steel":1,"minecraft:cyan_carpet":2,"minecraft:oak_sign":1,"iceandfire:sea_serpent_scales_bronze":7,"minecraft:diamond_leggings":1,"minecraft:cobbled_deepslate":55,"minecraft:spruce_planks":4,"minecraft:calcite":7,"minecraft:jungle_sapling":2,"minecraft:chest":1,"minecraft:furnace":1,"iceandfire:pixie_dust":1,"minecraft:raw_iron":25,"minecraft:stick":41,"minecraft:oak_fence":1,"minecraft:torch":34,"minecraft:spruce_stairs":6,"minecraft:spruce_fence":1,"minecraft:cherry_log":1,"tombstone:grave_dust":1,"minecraft:pointed_dripstone":2,"minecraft:diorite":13,"minecraft:vine":31,"minecraft:carrot":64,"minecraft:redstone":200,"minecraft:dark_oak_planks":3,"travelersbackpack:iron":1,"securitycraft:reinforced_jungle_fence":19,"minecraft:stone_sword":1,"minecraft:arrow":28,"minecraft:rotten_flesh":4,"minecraft:diamond_boots":2,"minecraft:hay_block":3,"minecraft:stripped_dark_oak_wood":2,"minecraft:gold_ingot":60,"securitycraft:reinforced_jungle_log":401,"minecraft:mutton":6,"minecraft:white_wool":4,"minecraft:cobblestone":256,"minecraft:birch_log":2,"minecraft:lilac":1,"minecraft:jungle_log":579,"minecraft:andesite":31,"minecraft:black_bed":3,"minecraft:fern":1,"minecraft:oak_log":36,"minecraft:chainmail_chestplate":1,"minecraft:dirt":222,"minecraft:lantern":15,"iceandfire:tide_green_chestplate":3,"minecraft:bone":15,"minecraft:gray_carpet":1,"minecraft:gray_terracotta":1,"minecraft:wheat_seeds":9,"minecraft:iron_ingot":15,"securitycraft:universal_block_reinforcer_lvl1":1,"minecraft:bamboo":36,"minecraft:moss_block":3,"minecraft:oak_planks":1,"minecraft:iron_sword":4,"minecraft:book":18,"minecraft:dripstone_block":1,"minecraft:gravel":7,"minecraft:sand":46,"minecraft:jungle_planks":114,"securitycraft:reinforced_jungle_stairs":17,"minecraft:cyan_bed":1,"minecraft:spider_eye":2,"minecraft:trapped_chest":2,"minecraft:jungle_leaves":390,"minecraft:oak_wood":1,"travelersbackpack:fox":2,"minecraft:polished_andesite":4,"minecraft:diamond_shovel":1,"minecraft:diamond":53,"minecraft:stone_axe":1,"minecraft:netherite_helmet":1,"minecraft:soul_lantern":5,"minecraft:chainmail_leggings":1,"minecraft:diamond_axe":4,"minecraft:granite":2,"minecraft:painting":2,"minecraft:golden_apple":1,"minecraft:gray_wool":1,"minecraft:chainmail_helmet":1,"minecraft:bread":58,"minecraft:baked_potato":32,"minecraft:coal":26,"minecraft:oak_leaves":17},"minecraft:mined":{"minecraft:dark_oak_planks":3,"minecraft:spruce_planks":4,"minecraft:cherry_log":1,"minecraft:jungle_leaves":666,"minecraft:granite":2,"minecraft:spruce_fence":1,"minecraft:grass_block":79,"minecraft:jungle_planks":7,"minecraft:jungle_log":432,"minecraft:white_concrete":1,"travelersbackpack:iron":1,"minecraft:frosted_ice":2,"minecraft:spawner":4,"minecraft:hay_block":3,"minecraft:spore_blossom":1,"minecraft:furnace":1,"minecraft:iron_ore":18,"minecraft:andesite":32,"minecraft:stripped_dark_oak_wood":2,"minecraft:bookshelf":6,"minecraft:dirt_path":27,"minecraft:deepslate_iron_ore":7,"minecraft:vine":61,"minecraft:lantern":15,"minecraft:stripped_jungle_log":1,"minecraft:bamboo":8,"minecraft:stone":262,"minecraft:white_wool":1,"minecraft:podzol":1,"minecraft:oak_fence":1,"minecraft:crafting_table":9,"minecraft:torch":19,"minecraft:oak_wood":1,"minecraft:calcite":19,"minecraft:copper_ore":11,"minecraft:tall_grass":1,"minecraft:cyan_bed":1,"minecraft:oak_planks":1,"minecraft:diorite":13,"minecraft:wall_torch":7,"minecraft:spruce_stairs":6,"minecraft:trapped_chest":1,"minecraft:birch_log":2,"minecraft:lilac":1,"minecraft:birch_leaves":1,"minecraft:black_bed":2,"minecraft:grass":34,"minecraft:coal_ore":26,"minecraft:oak_log":36,"minecraft:cyan_carpet":2,"minecraft:gravel":6,"minecraft:dirt":115,"minecraft:sand":46,"minecraft:dripstone_block":1,"minecraft:deepslate":56,"minecraft:oak_leaves":80,"minecraft:fern":7},"minecraft:dropped":{"minecraft:enchanted_book":1,"minecraft:bread":58,"minecraft:iron_sword":4,"minecraft:vine":3,"minecraft:wheat_seeds":7,"minecraft:diamond_axe":3,"minecraft:lilac":1,"iceandfire:sea_serpent_scales_bronze":7,"minecraft:crafting_table":3,"minecraft:dripstone_block":1,"minecraft:netherite_helmet":1,"minecraft:iron_helmet":1,"minecraft:cobblestone":182,"minecraft:lead":6,"minecraft:granite":2,"minecraft:chainmail_helmet":1,"minecraft:golden_apple":1,"minecraft:polished_andesite":4,"minecraft:stick":12,"minecraft:emerald":1,"minecraft:dirt":18,"iceandfire:tide_green_leggings":1,"minecraft:gray_wool":1,"minecraft:diorite":13,"minecraft:torch":6,"minecraft:mutton":4,"tombstone:grave_dust":4,"minecraft:jungle_sapling":2,"minecraft:pumpkin_pie":7,"minecraft:string":2,"minecraft:trapped_chest":1,"minecraft:white_wool":2,"minecraft:gray_carpet":1,"minecraft:cyan_carpet":2,"minecraft:gold_ingot":70,"minecraft:bone":15,"minecraft:gravel":7,"minecraft:cobbled_deepslate":55,"minecraft:cocoa_beans":4,"minecraft:pointed_dripstone":3,"minecraft:chicken":1,"minecraft:rotten_flesh":3,"iceandfire:tide_green_chestplate":3,"minecraft:diamond_shovel":1,"iceandfire:frozen_stone":2,"travelersbackpack:bat":1,"minecraft:spruce_fence":1,"minecraft:flint_and_steel":1,"minecraft:chainmail_chestplate":1,"minecraft:diamond_sword":1,"minecraft:gray_terracotta":1,"minecraft:iron_chestplate":1,"minecraft:andesite":31,"minecraft:chainmail_boots":2,"minecraft:chest":1,"minecraft:spider_eye":2,"minecraft:bamboo":5,"minecraft:diamond_boots":2,"minecraft:arrow":28,"minecraft:stone_pickaxe":1,"minecraft:calcite":6,"minecraft:stone_brick_stairs":2},"minecraft:crafted":{"minecraft:cherry_planks":4,"minecraft:wooden_sword":2,"minecraft:oak_planks":104,"minecraft:iron_nugget":441,"minecraft:furnace":4,"securitycraft:reinforced_jungle_stairs":156,"minecraft:glass_pane":96,"securitycraft:laser_block":2,"minecraft:glass":46,"minecraft:lantern":24,"securitycraft:reinforced_jungle_planks":824,"minecraft:diamond_helmet":1,"minecraft:iron_boots":1,"minecraft:iron_axe":1,"securitycraft:universal_block_remover":1,"minecraft:stone_pickaxe":1,"minecraft:chest":5,"minecraft:diamond_boots":1,"minecraft:redstone_block":7,"minecraft:dark_oak_planks":8,"minecraft:diamond_sword":1,"iceandfire:silver_ingot":3,"minecraft:crafting_table":11,"minecraft:wooden_pickaxe":1,"minecraft:iron_helmet":1,"minecraft:iron_sword":1,"minecraft:bucket":3,"minecraft:birch_planks":8,"minecraft:jungle_planks":320,"minecraft:iron_chestplate":1,"minecraft:diamond_pickaxe":1,"minecraft:stick":244,"minecraft:iron_ingot":25,"securitycraft:reinforced_jungle_fence":195,"minecraft:iron_pickaxe":3,"minecraft:iron_shovel":1,"minecraft:torch":80,"iceandfire:silver_sword":1,"minecraft:shears":5,"securitycraft:universal_block_reinforcer_lvl1":2,"minecraft:diamond_chestplate":1},"minecraft:custom":{"minecraft:interact_with_anvil":2,"minecraft:mob_kills":33,"minecraft:interact_with_crafting_table":76,"minecraft:open_barrel":19,"minecraft:leave_game":6,"minecraft:time_since_death":36367,"minecraft:climb_one_cm":33104,"minecraft:sprint_one_cm":717898,"minecraft:walk_one_cm":738226,"minecraft:drop":96,"minecraft:talked_to_villager":7,"minecraft:play_time":341795,"minecraft:sneak_time":19549,"minecraft:deaths":19,"minecraft:walk_under_water_one_cm":51854,"minecraft:jump":3615,"minecraft:interact_with_blast_furnace":2,"minecraft:walk_on_water_one_cm":13717,"minecraft:total_world_time":341795,"minecraft:interact_with_furnace":26,"minecraft:interact_with_cartography_table":1,"minecraft:sleep_in_bed":5,"minecraft:time_since_rest":36286,"minecraft:damage_taken":10403,"minecraft:trigger_trapped_chest":2,"minecraft:damage_dealt":7844,"minecraft:swim_one_cm":28031,"minecraft:fly_one_cm":523779,"minecraft:crouch_one_cm":58308,"tombstone:undead_killed":22,"minecraft:open_chest":126,"tombstone:villager_killed":1,"minecraft:fall_one_cm":98225,"minecraft:interact_with_smithing_table":3}},"DataVersion":3465}