{"stats":{"minecraft:killed":{"minecraft:cave_spider":1,"minecraft:spider":5,"minecraft:cod":2,"minecraft:skeleton":24,"minecraft:pig":2,"minecraft:zombie_villager":1,"minecraft:creeper":1,"minecraft:sheep":12,"minecraft:pillager":1,"minecraft:zombie":138,"minecraft:glow_squid":1,"iceandfire:sea_serpent":1,"minecraft:cow":2,"minecraft:drowned":1},"minecraft:killed_by":{"iceandfire:sea_serpent":1,"minecraft:zombie":9},"minecraft:used":{"minecraft:chest":4,"minecraft:white_terracotta":3,"minecraft:shield":83,"minecraft:iron_sword":545,"minecraft:nether_bricks":3,"minecraft:carrot":195,"travelersbackpack:iron":31,"minecraft:tuff":64,"minecraft:spruce_boat":1,"minecraft:lava_bucket":64,"minecraft:iron_helmet":1,"minecraft:written_book":2,"minecraft:furnace":2,"travelersbackpack:redstone":27,"minecraft:diorite":29,"minecraft:stone_pickaxe":321,"minecraft:oak_planks":79,"minecraft:wooden_pickaxe":18,"minecraft:diamond_axe":329,"minecraft:black_bed":4,"minecraft:black_terracotta":1,"minecraft:bread":107,"tombstone:grave_key":15,"minecraft:gravel":14,"minecraft:andesite":25,"minecraft:smooth_stone_slab":2,"minecraft:oak_fence":1,"minecraft:iron_bars":1,"minecraft:stone_sword":88,"minecraft:spruce_planks":196,"simpletomb:grave_key":20,"minecraft:torch":259,"minecraft:dirt":118,"minecraft:granite":36,"travelersbackpack:cactus":28,"minecraft:iron_trapdoor":1,"tombstone:gift":5,"minecraft:trapped_chest":2,"minecraft:cobbled_deepslate":52,"minecraft:iron_leggings":3,"minecraft:acacia_boat":1,"minecraft:water_bucket":4,"minecraft:polished_andesite":1,"minecraft:baked_potato":21,"minecraft:cherry_planks":54,"iceandfire:troll_weapon_axe":1,"minecraft:crafting_table":23,"minecraft:white_bed":3,"tombstone:bag_of_seeds":2,"minecraft:oak_log":1,"minecraft:diamond_pickaxe":528,"minecraft:iron_pickaxe":940,"travelersbackpack:white_sleeping_bag":7,"minecraft:stone_axe":41,"minecraft:potion":1,"travelersbackpack:standard":2,"minecraft:cobblestone":446,"minecraft:bucket":68,"minecraft:diamond_leggings":3},"minecraft:broken":{"minecraft:iron_boots":3,"minecraft:stone_pickaxe":1,"minecraft:diamond_chestplate":1,"minecraft:shield":1,"iceandfire:earplugs":2,"minecraft:iron_pickaxe":2,"minecraft:iron_helmet":3},"minecraft:picked_up":{"iceandfire:tide_green_leggings":1,"minecraft:iron_chestplate":1,"minecraft:wheat":13,"minecraft:chainmail_boots":1,"minecraft:redstone_block":1,"minecraft:iron_trapdoor":1,"minecraft:potion":5,"minecraft:wither_rose":2,"minecraft:enchanted_book":3,"minecraft:crimson_planks":1,"tombstone:grave_key":4,"minecraft:polished_deepslate_wall":6,"minecraft:polished_deepslate":5,"minecraft:string":17,"minecraft:raw_copper":32,"minecraft:smooth_stone_slab":3,"minecraft:red_nether_bricks":8,"minecraft:oak_sign":5,"minecraft:cobbled_deepslate":101,"minecraft:smooth_stone":16,"minecraft:spruce_planks":97,"minecraft:written_book":1,"minecraft:calcite":33,"minecraft:iron_pickaxe":4,"minecraft:coal_block":2,"minecraft:iron_boots":1,"minecraft:furnace":2,"minecraft:stick":1,"minecraft:oak_fence":2,"minecraft:torch":114,"minecraft:porkchop":4,"tombstone:grave_dust":19,"minecraft:diorite":77,"minecraft:green_terracotta":2,"travelersbackpack:iron":1,"minecraft:quartz_block":3,"minecraft:stone_sword":1,"minecraft:rotten_flesh":158,"minecraft:white_terracotta":9,"minecraft:obsidian":166,"minecraft:iron_bars":14,"minecraft:cod":2,"minecraft:cobblestone":589,"minecraft:pink_petals":40,"iceandfire:sapphire_gem":1,"minecraft:cherry_planks":81,"minecraft:andesite":40,"minecraft:black_bed":6,"minecraft:brown_wool":1,"minecraft:potato":14,"minecraft:flint":28,"minecraft:tuff":68,"minecraft:acacia_boat":2,"minecraft:lapis_lazuli":125,"minecraft:dirt":146,"minecraft:bone":32,"minecraft:bow":1,"minecraft:wheat_seeds":38,"minecraft:raw_gold":8,"minecraft:powered_rail":1,"minecraft:oak_planks":67,"armorplus:frost_shard":6,"minecraft:black_terracotta":1,"minecraft:jungle_planks":1,"minecraft:trapped_chest":2,"minecraft:barrel":4,"minecraft:mossy_cobblestone":1,"travelersbackpack:white_sleeping_bag":6,"minecraft:bundle":2,"minecraft:polished_andesite":13,"minecraft:diamond":10,"minecraft:black_concrete":2,"iceandfire:troll_weapon_axe":2,"minecraft:granite":42,"minecraft:golden_apple":2,"minecraft:chainmail_helmet":1,"minecraft:emerald":1,"minecraft:bread":40,"iceandfire:raw_silver":15,"armorplus:lava_shard":37,"minecraft:diamond_pickaxe":1,"minecraft:charcoal":2,"minecraft:coarse_dirt":2,"minecraft:crafting_table":18,"minecraft:azure_bluet":1,"minecraft:ladder":2,"minecraft:nether_wart":175,"minecraft:clay_ball":24,"minecraft:stone_brick_wall":1,"iceandfire:frozen_cobblestone":3,"minecraft:shield":1,"iceandfire:frozen_stone":2,"minecraft:flint_and_steel":2,"minecraft:cyan_carpet":6,"iceandfire:graveyard_soil":1,"minecraft:cracked_stone_bricks":3,"travelersbackpack:redstone":3,"minecraft:beef":2,"minecraft:player_head":2,"minecraft:spruce_slab":2,"minecraft:chest":1,"minecraft:egg":2,"minecraft:raw_iron":84,"travelersbackpack:cactus":3,"minecraft:spruce_fence":2,"minecraft:quartz_pillar":10,"minecraft:carrot":295,"minecraft:redstone":47,"minecraft:purple_terracotta":1,"minecraft:dark_oak_planks":13,"minecraft:smooth_sandstone_slab":1,"minecraft:tnt":155,"minecraft:arrow":32,"minecraft:diamond_chestplate":1,"minecraft:nether_bricks":3,"minecraft:diamond_boots":1,"minecraft:hay_block":18,"iceandfire:earplugs":1,"minecraft:mutton":19,"minecraft:rail":4,"minecraft:skeleton_skull":2,"minecraft:white_wool":11,"iceandfire:sea_serpent_fang":52,"minecraft:glow_ink_sac":3,"minecraft:tripwire_hook":1,"minecraft:leather":1,"minecraft:oak_log":14,"minecraft:chainmail_chestplate":1,"minecraft:ancient_debris":1,"minecraft:gunpowder":1,"minecraft:white_banner":1,"tombstone:gift":2,"iceandfire:pixie_house_mushroom_red":1,"iceandfire:tide_green_chestplate":1,"minecraft:smooth_sandstone":1,"minecraft:stone_bricks":32,"minecraft:iron_ingot":1,"tombstone:bag_of_seeds":3,"minecraft:iron_sword":1,"minecraft:dark_oak_stairs":1,"minecraft:polished_andesite_stairs":1,"minecraft:dark_oak_slab":1,"minecraft:birch_boat":1,"iceandfire:sea_serpent_scales_green":5,"minecraft:yellow_concrete":1,"minecraft:stone_brick_slab":2,"minecraft:dripstone_block":5,"minecraft:gravel":21,"minecraft:lava_bucket":1,"minecraft:white_bed":3,"minecraft:spruce_log":36,"minecraft:spider_eye":1,"minecraft:stone_axe":1,"minecraft:chainmail_leggings":1,"minecraft:iron_helmet":2,"minecraft:diamond_axe":5,"minecraft:baked_potato":32,"tombstone:magic_scroll":3,"minecraft:coal":97,"minecraft:sunflower":3},"minecraft:mined":{"minecraft:dark_oak_planks":9,"minecraft:spruce_planks":24,"minecraft:white_bed":2,"iceandfire:graveyard_soil":1,"minecraft:andesite_stairs":2,"minecraft:orange_stained_glass":2,"minecraft:red_nether_bricks":4,"armorplus:ore_lava_crystal_stone":19,"minecraft:obsidian":165,"minecraft:granite":50,"minecraft:stone_brick_wall":1,"minecraft:grass_block":59,"minecraft:coal_block":1,"minecraft:polished_diorite":2,"armorplus:ore_frost_crystal_stone":4,"minecraft:nether_wart":60,"minecraft:spawner":39,"minecraft:smooth_stone":7,"travelersbackpack:cactus":1,"minecraft:dark_oak_trapdoor":2,"minecraft:iron_ore":70,"minecraft:barrel":1,"minecraft:cobbled_deepslate":10,"minecraft:fire":42,"minecraft:deepslate_lapis_ore":10,"minecraft:nether_brick_stairs":3,"minecraft:dark_oak_stairs":4,"minecraft:dirt_path":8,"minecraft:iron_bars":12,"minecraft:quartz_slab":1,"armorplus:ore_lava_crystal_obsidian":1,"minecraft:granite_stairs":2,"minecraft:player_head":1,"minecraft:spruce_slab":1,"minecraft:deepslate_redstone_ore":6,"minecraft:quartz_block":3,"minecraft:cyan_terracotta":1,"minecraft:clay":3,"minecraft:torch":16,"minecraft:calcite":25,"minecraft:polished_andesite_stairs":4,"iceandfire:sapphire_ore":1,"minecraft:cobblestone":61,"minecraft:oak_planks":13,"minecraft:wall_torch":26,"minecraft:pink_petals":3,"minecraft:skeleton_skull":1,"minecraft:white_terracotta":1,"minecraft:dark_oak_slab":1,"minecraft:waxed_oxidized_cut_copper_stairs":1,"minecraft:wheat":12,"minecraft:tnt":79,"minecraft:black_bed":4,"minecraft:smooth_stone_slab":5,"minecraft:stone_brick_stairs":1,"minecraft:wither_rose":1,"minecraft:grass":30,"minecraft:oak_log":13,"minecraft:dirt":64,"minecraft:netherrack":3,"minecraft:polished_deepslate_wall":3,"minecraft:oak_leaves":7,"minecraft:deepslate":106,"minecraft:redstone_lamp":1,"minecraft:diamond_ore":1,"minecraft:tuff":34,"iceandfire:silver_ore":15,"minecraft:mossy_cobblestone":3,"minecraft:deepslate_diamond_ore":1,"iceandfire:frozen_cobblestone":3,"minecraft:nether_bricks":3,"minecraft:ladder":1,"minecraft:purple_terracotta":1,"iceandfire:frozen_stone":7,"minecraft:spruce_fence":1,"minecraft:jungle_planks":1,"minecraft:white_stained_glass":3,"minecraft:redstone_wire":1,"travelersbackpack:white_sleeping_bag":6,"minecraft:spruce_leaves":4,"minecraft:large_fern":1,"minecraft:hay_block":18,"minecraft:redstone_ore":4,"minecraft:waxed_oxidized_cut_copper":8,"minecraft:furnace":1,"minecraft:carrots":66,"minecraft:polished_basalt":2,"minecraft:andesite":37,"minecraft:polished_deepslate":5,"minecraft:potatoes":4,"minecraft:deepslate_iron_ore":14,"minecraft:stone":575,"minecraft:redstone_block":1,"minecraft:gray_concrete":1,"minecraft:cherry_planks":1,"minecraft:stone_brick_slab":2,"minecraft:polished_granite":1,"minecraft:crafting_table":17,"minecraft:emerald_ore":1,"minecraft:campfire":1,"minecraft:copper_ore":13,"minecraft:tall_grass":1,"minecraft:lapis_ore":7,"minecraft:deepslate_gold_ore":6,"minecraft:diorite":78,"minecraft:spruce_log":37,"iceandfire:pixie_house_mushroom_red":1,"minecraft:quartz_pillar":6,"minecraft:white_wall_banner":1,"minecraft:coal_ore":89,"minecraft:cyan_carpet":2,"travelersbackpack:redstone":3,"minecraft:yellow_concrete":1,"minecraft:sunflower":1,"minecraft:gravel":7,"minecraft:dripstone_block":2,"minecraft:cracked_stone_bricks":6,"minecraft:polished_andesite":13,"minecraft:stone_bricks":27,"minecraft:gold_ore":2,"minecraft:iron_trapdoor":1,"minecraft:fern":1},"minecraft:dropped":{"minecraft:iron_sword":3,"minecraft:dark_oak_stairs":1,"minecraft:diamond_axe":5,"minecraft:glow_ink_sac":2,"minecraft:ender_pearl":11,"minecraft:glass_bottle":1,"minecraft:diamond":3,"minecraft:crafting_table":1,"minecraft:dark_oak_slab":1,"minecraft:black_bed":1,"minecraft:jungle_planks":1,"minecraft:cracked_stone_bricks":1,"minecraft:quartz_pillar":6,"iceandfire:graveyard_soil":2,"minecraft:cod":2,"minecraft:flint":21,"minecraft:dirt":35,"tombstone:bag_of_seeds":2,"minecraft:mutton":5,"minecraft:bone_meal":15,"minecraft:sunflower":3,"minecraft:iron_pickaxe":4,"minecraft:dark_oak_planks":13,"minecraft:white_wool":5,"minecraft:cyan_carpet":6,"minecraft:bone":12,"minecraft:gravel":4,"minecraft:stone_axe":1,"minecraft:ancient_debris":1,"minecraft:cobbled_deepslate":26,"minecraft:wheat":2,"minecraft:obsidian":3,"tombstone:gift":2,"minecraft:rotten_flesh":69,"iceandfire:frozen_stone":2,"travelersbackpack:cactus":2,"minecraft:azure_bluet":1,"minecraft:carrot":1,"travelersbackpack:iron":1,"minecraft:skeleton_skull":4,"minecraft:charcoal":2,"minecraft:quartz_block":3,"minecraft:stone_brick_wall":1,"minecraft:ladder":1,"minecraft:spruce_slab":2,"minecraft:red_nether_bricks":8,"minecraft:iron_bars":6,"minecraft:arrow":21,"minecraft:powered_rail":1,"minecraft:beef":2,"minecraft:written_book":2,"minecraft:egg":2,"minecraft:netherrack":1,"minecraft:crimson_planks":1,"minecraft:enchanted_book":5,"minecraft:bread":3,"minecraft:iron_ingot":74,"minecraft:purple_terracotta":1,"iceandfire:pixie_house_mushroom_red":1,"minecraft:wheat_seeds":37,"minecraft:mossy_cobblestone":1,"minecraft:dripstone_block":1,"minecraft:iron_helmet":3,"minecraft:cobblestone":102,"minecraft:apple":5,"minecraft:granite":6,"minecraft:coal":7,"iceandfire:troll_weapon_axe":1,"minecraft:golden_apple":1,"minecraft:coal_block":1,"minecraft:stick":1,"minecraft:polished_andesite":11,"minecraft:lava_bucket":1,"minecraft:diorite":30,"minecraft:torch":54,"tombstone:grave_key":4,"minecraft:brown_wool":1,"minecraft:cherry_planks":3,"tombstone:grave_dust":17,"minecraft:potion":6,"minecraft:iron_leggings":2,"minecraft:wither_rose":2,"minecraft:white_banner":1,"minecraft:string":5,"minecraft:pink_petals":61,"minecraft:polished_deepslate_wall":6,"minecraft:polished_deepslate":2,"minecraft:redstone":5,"iceandfire:frozen_cobblestone":3,"minecraft:stone_brick_slab":1,"minecraft:player_head":2,"minecraft:coarse_dirt":4,"minecraft:raw_iron":1,"minecraft:clay_ball":24,"minecraft:iron_boots":2,"minecraft:white_terracotta":6,"minecraft:oak_sign":3,"minecraft:spruce_fence":2,"minecraft:flint_and_steel":2,"minecraft:potato":2,"minecraft:shield":2,"minecraft:diamond_chestplate":1,"minecraft:spruce_planks":36,"minecraft:bundle":2,"minecraft:iron_chestplate":3,"minecraft:diamond_pickaxe":1,"minecraft:andesite":8,"minecraft:quartz_stairs":1,"minecraft:spider_eye":1,"minecraft:barrel":4,"minecraft:stone_bricks":18,"minecraft:birch_boat":1,"minecraft:diamond_boots":1,"minecraft:stone_pickaxe":1,"minecraft:magma_cream":1,"minecraft:calcite":33,"iceandfire:sea_serpent_fang":26},"minecraft:crafted":{"minecraft:oak_planks":52,"armorplus:obsidian_leggings":1,"travelersbackpack:iron":1,"minecraft:iron_boots":2,"tombstone:grave_key":38,"minecraft:chest":4,"armorplus:obsidian_chestplate":1,"minecraft:emerald":9,"minecraft:diamond_axe":1,"minecraft:crafting_table":7,"minecraft:spruce_planks":144,"minecraft:wooden_pickaxe":1,"minecraft:iron_helmet":1,"minecraft:gold_block":10,"iceandfire:earplugs":1,"iceandfire:tide_green_helmet":1,"minecraft:iron_chestplate":1,"minecraft:diamond_pickaxe":1,"minecraft:emerald_block":7,"minecraft:shield":3,"minecraft:stick":104,"minecraft:iron_ingot":95,"minecraft:iron_pickaxe":4,"minecraft:iron_block":92,"minecraft:coal":63,"armorplus:compressed_obsidian":19,"minecraft:furnace":1,"minecraft:bone_meal":15,"minecraft:diamond_block":6,"armorplus:lava_crystal":4,"travelersbackpack:white_sleeping_bag":2,"minecraft:stone_pickaxe":3,"armorplus:obsidian_boots":1,"minecraft:spruce_boat":1,"minecraft:wheat":162,"minecraft:coal_block":26,"minecraft:iron_sword":1,"minecraft:bucket":1,"minecraft:bread":57,"minecraft:air":0,"travelersbackpack:redstone":1,"armorplus:obsidian_stick":4,"minecraft:iron_leggings":1,"minecraft:torch":308,"minecraft:lapis_block":13},"minecraft:custom":{"minecraft:interact_with_crafting_table":132,"minecraft:open_barrel":330,"minecraft:leave_game":21,"minecraft:time_since_death":37933,"minecraft:damage_resisted":74,"minecraft:sprint_one_cm":1742821,"minecraft:damage_blocked_by_shield":7125,"minecraft:drop":334,"minecraft:talked_to_villager":3,"minecraft:play_time":1068369,"minecraft:deaths":76,"minecraft:jump":8591,"minecraft:walk_on_water_one_cm":284711,"minecraft:interact_with_furnace":29,"minecraft:interact_with_loom":1,"minecraft:sleep_in_bed":22,"minecraft:damage_dealt":45226,"minecraft:crouch_one_cm":139902,"tombstone:undead_killed":164,"minecraft:interact_with_smoker":2,"minecraft:inspect_dispenser":3,"minecraft:interact_with_smithing_table":6,"minecraft:mob_kills":204,"minecraft:climb_one_cm":57321,"minecraft:walk_one_cm":1857725,"minecraft:sneak_time":64732,"minecraft:walk_under_water_one_cm":199843,"minecraft:boat_one_cm":1378651,"minecraft:interact_with_lectern":1,"minecraft:interact_with_blast_furnace":3,"minecraft:total_world_time":1068369,"tombstone:raider_killed":1,"minecraft:tune_noteblock":8,"minecraft:time_since_rest":35967,"minecraft:damage_taken":35096,"minecraft:trigger_trapped_chest":79,"minecraft:swim_one_cm":205475,"minecraft:fly_one_cm":739960,"minecraft:open_chest":297,"minecraft:fall_one_cm":139951}},"DataVersion":3465}