{"stats":{"minecraft:killed":{"minecraft:cave_spider":1,"minecraft:spider":4,"minecraft:skeleton":9,"minecraft:zombie_villager":1,"minecraft:creeper":1,"minecraft:sheep":8,"minecraft:zombie":70,"minecraft:glow_squid":1},"minecraft:killed_by":{"minecraft:zombie":8},"minecraft:used":{"minecraft:oak_fence":1,"minecraft:stone_sword":88,"minecraft:chest":4,"minecraft:spruce_planks":43,"minecraft:shield":34,"minecraft:white_terracotta":3,"minecraft:iron_sword":301,"simpletomb:grave_key":5,"minecraft:torch":186,"minecraft:dirt":3,"minecraft:carrot":33,"travelersbackpack:iron":8,"minecraft:tuff":64,"minecraft:lava_bucket":16,"travelersbackpack:cactus":10,"minecraft:iron_trapdoor":1,"minecraft:furnace":2,"tombstone:gift":5,"minecraft:trapped_chest":1,"minecraft:cobbled_deepslate":13,"travelersbackpack:redstone":10,"minecraft:stone_pickaxe":307,"minecraft:polished_andesite":1,"minecraft:baked_potato":10,"minecraft:oak_planks":11,"minecraft:wooden_pickaxe":18,"minecraft:diamond_axe":57,"minecraft:crafting_table":8,"minecraft:black_bed":3,"tombstone:bag_of_seeds":2,"minecraft:oak_log":1,"minecraft:bread":36,"minecraft:iron_pickaxe":674,"tombstone:grave_key":13,"minecraft:stone_axe":38,"travelersbackpack:standard":2,"minecraft:cobblestone":116,"minecraft:bucket":15},"minecraft:broken":{"minecraft:stone_pickaxe":1,"minecraft:shield":1,"minecraft:iron_pickaxe":1},"minecraft:mined":{"minecraft:spruce_planks":4,"minecraft:tuff":33,"iceandfire:silver_ore":15,"minecraft:mossy_cobblestone":1,"minecraft:deepslate_diamond_ore":1,"minecraft:andesite_stairs":1,"minecraft:orange_stained_glass":2,"armorplus:ore_lava_crystal_stone":5,"minecraft:granite":33,"minecraft:grass_block":15,"minecraft:white_stained_glass":2,"minecraft:redstone_wire":1,"minecraft:nether_wart":60,"minecraft:spawner":12,"minecraft:hay_block":10,"minecraft:smooth_stone":1,"travelersbackpack:cactus":1,"minecraft:redstone_ore":4,"minecraft:waxed_oxidized_cut_copper":6,"minecraft:furnace":1,"minecraft:carrots":66,"minecraft:iron_ore":54,"minecraft:andesite":24,"minecraft:deepslate_lapis_ore":10,"minecraft:polished_deepslate":4,"minecraft:potatoes":4,"minecraft:dirt_path":2,"minecraft:deepslate_iron_ore":13,"minecraft:quartz_slab":1,"minecraft:iron_bars":6,"minecraft:stone":373,"minecraft:granite_stairs":2,"minecraft:deepslate_redstone_ore":6,"minecraft:redstone_block":1,"minecraft:polished_granite":1,"minecraft:crafting_table":6,"minecraft:torch":14,"minecraft:polished_andesite_stairs":1,"minecraft:copper_ore":13,"minecraft:tall_grass":1,"minecraft:cobblestone":34,"minecraft:lapis_ore":6,"minecraft:deepslate_gold_ore":6,"minecraft:oak_planks":5,"minecraft:diorite":34,"minecraft:wall_torch":16,"minecraft:wheat":12,"minecraft:waxed_oxidized_cut_copper_stairs":1,"minecraft:quartz_pillar":1,"minecraft:black_bed":3,"minecraft:smooth_stone_slab":1,"minecraft:grass":16,"minecraft:oak_log":13,"minecraft:coal_ore":85,"minecraft:dripstone_block":1,"minecraft:gravel":6,"minecraft:yellow_concrete":1,"minecraft:dirt":13,"minecraft:cracked_stone_bricks":5,"minecraft:polished_andesite":1,"minecraft:stone_bricks":13,"minecraft:oak_leaves":1,"minecraft:iron_trapdoor":1,"minecraft:deepslate":92,"minecraft:redstone_lamp":1},"minecraft:picked_up":{"minecraft:crafting_table":6,"minecraft:wheat":13,"minecraft:redstone_block":1,"minecraft:chainmail_boots":1,"minecraft:iron_trapdoor":1,"minecraft:nether_wart":175,"minecraft:enchanted_book":3,"minecraft:polished_deepslate":3,"minecraft:string":2,"minecraft:raw_copper":32,"minecraft:smooth_stone_slab":1,"minecraft:oak_sign":4,"minecraft:cracked_stone_bricks":2,"minecraft:cobbled_deepslate":69,"minecraft:smooth_stone":3,"minecraft:spruce_planks":39,"minecraft:iron_pickaxe":3,"minecraft:furnace":1,"minecraft:raw_iron":66,"minecraft:oak_fence":2,"minecraft:torch":70,"travelersbackpack:cactus":1,"minecraft:quartz_pillar":6,"tombstone:grave_dust":16,"minecraft:diorite":34,"minecraft:carrot":289,"minecraft:redstone":46,"minecraft:green_terracotta":2,"minecraft:tnt":76,"minecraft:stone_sword":1,"minecraft:arrow":18,"minecraft:diamond_chestplate":1,"minecraft:rotten_flesh":109,"minecraft:hay_block":10,"minecraft:white_terracotta":8,"minecraft:cobblestone":394,"minecraft:mutton":14,"minecraft:iron_bars":6,"minecraft:rail":4,"minecraft:white_wool":7,"minecraft:glow_ink_sac":1,"minecraft:andesite":27,"minecraft:black_bed":5,"minecraft:brown_wool":1,"minecraft:potato":14,"minecraft:tuff":68,"minecraft:oak_log":13,"minecraft:chainmail_chestplate":1,"minecraft:gunpowder":1,"minecraft:lapis_lazuli":120,"minecraft:dirt":28,"tombstone:gift":1,"minecraft:bone":15,"minecraft:stone_bricks":14,"minecraft:bow":1,"minecraft:wheat_seeds":34,"minecraft:raw_gold":6,"minecraft:iron_ingot":1,"tombstone:bag_of_seeds":1,"minecraft:powered_rail":1,"minecraft:oak_planks":7,"minecraft:polished_andesite_stairs":1,"minecraft:yellow_concrete":1,"minecraft:dripstone_block":4,"minecraft:gravel":17,"minecraft:trapped_chest":1,"minecraft:spider_eye":1,"minecraft:polished_andesite":1,"minecraft:diamond":1,"minecraft:stone_axe":1,"minecraft:chainmail_leggings":1,"minecraft:iron_helmet":1,"minecraft:granite":31,"minecraft:golden_apple":2,"minecraft:chainmail_helmet":1,"minecraft:baked_potato":32,"tombstone:magic_scroll":3,"minecraft:coal":85,"iceandfire:raw_silver":15,"armorplus:lava_shard":8},"minecraft:dropped":{"minecraft:enchanted_book":3,"minecraft:iron_sword":1,"minecraft:wheat_seeds":34,"minecraft:iron_helmet":1,"minecraft:cobblestone":63,"minecraft:black_bed":1,"minecraft:granite":5,"minecraft:quartz_pillar":6,"minecraft:polished_andesite":1,"minecraft:torch":4,"minecraft:brown_wool":1,"tombstone:grave_dust":13,"minecraft:iron_pickaxe":4,"minecraft:redstone":4,"minecraft:bone":7,"minecraft:gravel":4,"minecraft:cobbled_deepslate":22,"minecraft:wheat":2,"minecraft:rotten_flesh":30,"minecraft:white_terracotta":5,"minecraft:oak_sign":2,"minecraft:potato":2,"minecraft:diamond_chestplate":1,"minecraft:andesite":7,"minecraft:spider_eye":1,"minecraft:arrow":10,"minecraft:powered_rail":1},"minecraft:crafted":{"minecraft:oak_planks":48,"travelersbackpack:iron":1,"minecraft:coal":36,"minecraft:furnace":1,"minecraft:iron_boots":1,"tombstone:grave_key":15,"minecraft:stone_pickaxe":3,"minecraft:chest":4,"minecraft:wheat":90,"minecraft:diamond_axe":1,"minecraft:crafting_table":2,"minecraft:wooden_pickaxe":1,"minecraft:iron_sword":1,"minecraft:bread":33,"minecraft:air":0,"travelersbackpack:redstone":1,"minecraft:iron_chestplate":1,"minecraft:shield":1,"minecraft:stick":60,"minecraft:iron_ingot":95,"minecraft:iron_pickaxe":2,"minecraft:iron_leggings":1,"minecraft:torch":156},"minecraft:custom":{"minecraft:interact_with_smithing_table":1,"minecraft:mob_kills":103,"minecraft:interact_with_crafting_table":48,"minecraft:open_barrel":162,"minecraft:leave_game":7,"minecraft:time_since_death":56680,"minecraft:climb_one_cm":13900,"minecraft:sprint_one_cm":580230,"minecraft:walk_one_cm":682522,"minecraft:damage_blocked_by_shield":3075,"minecraft:drop":56,"minecraft:play_time":334904,"minecraft:sneak_time":28569,"minecraft:deaths":19,"minecraft:walk_under_water_one_cm":15361,"minecraft:jump":2014,"minecraft:walk_on_water_one_cm":46372,"minecraft:total_world_time":334904,"minecraft:interact_with_furnace":29,"minecraft:tune_noteblock":4,"minecraft:sleep_in_bed":3,"minecraft:time_since_rest":43789,"minecraft:damage_taken":8696,"minecraft:trigger_trapped_chest":72,"minecraft:damage_dealt":21210,"minecraft:swim_one_cm":13700,"minecraft:fly_one_cm":103113,"minecraft:open_chest":153,"minecraft:crouch_one_cm":61249,"tombstone:undead_killed":80,"minecraft:interact_with_smoker":1,"minecraft:fall_one_cm":30315}},"DataVersion":3465}