{"stats":{"minecraft:killed":{"minecraft:cave_spider":1,"minecraft:spider":5,"minecraft:skeleton":22,"minecraft:pig":2,"minecraft:zombie_villager":1,"minecraft:creeper":1,"minecraft:sheep":8,"minecraft:zombie":106,"minecraft:glow_squid":1,"minecraft:cow":2},"minecraft:killed_by":{"minecraft:zombie":8},"minecraft:used":{"minecraft:chest":4,"minecraft:white_terracotta":3,"minecraft:shield":66,"minecraft:iron_sword":391,"minecraft:nether_bricks":3,"minecraft:carrot":157,"travelersbackpack:iron":19,"minecraft:tuff":64,"minecraft:lava_bucket":58,"minecraft:written_book":2,"minecraft:furnace":2,"travelersbackpack:redstone":19,"minecraft:diorite":20,"minecraft:stone_pickaxe":321,"minecraft:oak_planks":79,"minecraft:wooden_pickaxe":18,"minecraft:diamond_axe":209,"minecraft:black_bed":4,"minecraft:black_terracotta":1,"minecraft:bread":69,"tombstone:grave_key":15,"minecraft:andesite":14,"minecraft:smooth_stone_slab":2,"minecraft:oak_fence":1,"minecraft:iron_bars":1,"minecraft:stone_sword":88,"minecraft:spruce_planks":43,"simpletomb:grave_key":20,"minecraft:torch":226,"minecraft:dirt":88,"minecraft:granite":36,"travelersbackpack:cactus":22,"minecraft:iron_trapdoor":1,"tombstone:gift":5,"minecraft:trapped_chest":2,"minecraft:cobbled_deepslate":34,"minecraft:polished_andesite":1,"minecraft:baked_potato":10,"minecraft:cherry_planks":54,"minecraft:crafting_table":16,"minecraft:white_bed":3,"tombstone:bag_of_seeds":2,"minecraft:oak_log":1,"minecraft:diamond_pickaxe":212,"minecraft:iron_pickaxe":940,"travelersbackpack:white_sleeping_bag":3,"minecraft:stone_axe":41,"travelersbackpack:standard":2,"minecraft:cobblestone":402,"minecraft:potion":1,"minecraft:bucket":57},"minecraft:broken":{"minecraft:iron_boots":1,"minecraft:stone_pickaxe":1,"minecraft:diamond_chestplate":1,"minecraft:shield":1,"minecraft:iron_pickaxe":2,"minecraft:iron_helmet":2},"minecraft:picked_up":{"minecraft:iron_chestplate":1,"minecraft:wheat":13,"minecraft:redstone_block":1,"minecraft:chainmail_boots":1,"minecraft:iron_trapdoor":1,"minecraft:potion":5,"minecraft:wither_rose":2,"minecraft:enchanted_book":3,"tombstone:grave_key":2,"minecraft:polished_deepslate_wall":6,"minecraft:polished_deepslate":5,"minecraft:string":17,"minecraft:raw_copper":32,"minecraft:smooth_stone_slab":3,"minecraft:red_nether_bricks":8,"minecraft:oak_sign":5,"minecraft:cobbled_deepslate":97,"minecraft:smooth_stone":16,"minecraft:spruce_planks":64,"minecraft:written_book":1,"minecraft:calcite":33,"minecraft:iron_pickaxe":4,"minecraft:coal_block":2,"minecraft:furnace":2,"minecraft:iron_boots":1,"minecraft:oak_fence":2,"minecraft:torch":104,"minecraft:porkchop":4,"tombstone:grave_dust":17,"minecraft:diorite":54,"minecraft:green_terracotta":2,"travelersbackpack:iron":1,"minecraft:stone_sword":1,"minecraft:rotten_flesh":138,"minecraft:white_terracotta":8,"minecraft:obsidian":3,"minecraft:iron_bars":11,"minecraft:cobblestone":543,"minecraft:pink_petals":40,"minecraft:cherry_planks":81,"minecraft:andesite":28,"minecraft:black_bed":6,"minecraft:brown_wool":1,"minecraft:potato":14,"minecraft:flint":28,"minecraft:tuff":68,"minecraft:lapis_lazuli":125,"minecraft:dirt":105,"minecraft:bone":30,"minecraft:bow":1,"minecraft:wheat_seeds":36,"minecraft:raw_gold":8,"minecraft:powered_rail":1,"minecraft:oak_planks":67,"minecraft:black_terracotta":1,"minecraft:mossy_cobblestone":1,"minecraft:trapped_chest":2,"minecraft:barrel":4,"travelersbackpack:white_sleeping_bag":2,"minecraft:polished_andesite":3,"minecraft:diamond":9,"minecraft:black_concrete":2,"minecraft:granite":41,"minecraft:golden_apple":2,"minecraft:emerald":1,"minecraft:chainmail_helmet":1,"iceandfire:raw_silver":15,"minecraft:diamond_pickaxe":1,"armorplus:lava_shard":31,"minecraft:crafting_table":13,"minecraft:charcoal":2,"minecraft:coarse_dirt":2,"minecraft:azure_bluet":1,"minecraft:nether_wart":175,"minecraft:ladder":2,"minecraft:flint_and_steel":2,"minecraft:cyan_carpet":6,"minecraft:cracked_stone_bricks":3,"iceandfire:graveyard_soil":1,"travelersbackpack:redstone":3,"minecraft:beef":2,"minecraft:player_head":2,"minecraft:chest":1,"minecraft:raw_iron":83,"travelersbackpack:cactus":3,"minecraft:spruce_fence":2,"minecraft:quartz_pillar":10,"minecraft:carrot":295,"minecraft:redstone":46,"minecraft:smooth_sandstone_slab":1,"minecraft:dark_oak_planks":13,"minecraft:tnt":155,"minecraft:arrow":30,"minecraft:diamond_chestplate":1,"minecraft:nether_bricks":3,"minecraft:diamond_boots":1,"minecraft:hay_block":18,"minecraft:mutton":14,"minecraft:white_wool":7,"minecraft:skeleton_skull":2,"minecraft:rail":4,"minecraft:tripwire_hook":1,"minecraft:glow_ink_sac":3,"minecraft:leather":1,"minecraft:oak_log":14,"minecraft:chainmail_chestplate":1,"minecraft:ancient_debris":1,"minecraft:gunpowder":1,"minecraft:white_banner":1,"tombstone:gift":2,"minecraft:smooth_sandstone":1,"minecraft:stone_bricks":23,"minecraft:iron_ingot":1,"tombstone:bag_of_seeds":3,"minecraft:iron_sword":1,"minecraft:dark_oak_stairs":1,"minecraft:polished_andesite_stairs":1,"minecraft:dark_oak_slab":1,"minecraft:yellow_concrete":1,"minecraft:stone_brick_slab":2,"minecraft:dripstone_block":4,"minecraft:lava_bucket":1,"minecraft:gravel":21,"minecraft:white_bed":3,"minecraft:spider_eye":1,"minecraft:stone_axe":1,"minecraft:chainmail_leggings":1,"minecraft:iron_helmet":2,"minecraft:diamond_axe":3,"minecraft:baked_potato":32,"tombstone:magic_scroll":3,"minecraft:coal":97},"minecraft:mined":{"minecraft:dark_oak_planks":9,"minecraft:spruce_planks":14,"minecraft:white_bed":2,"iceandfire:graveyard_soil":1,"minecraft:andesite_stairs":2,"minecraft:red_nether_bricks":4,"minecraft:orange_stained_glass":2,"armorplus:ore_lava_crystal_stone":19,"minecraft:obsidian":3,"minecraft:granite":48,"minecraft:grass_block":48,"minecraft:coal_block":1,"minecraft:polished_diorite":2,"minecraft:nether_wart":60,"minecraft:spawner":26,"minecraft:smooth_stone":7,"travelersbackpack:cactus":1,"minecraft:dark_oak_trapdoor":2,"minecraft:cobbled_deepslate":10,"minecraft:iron_ore":70,"minecraft:fire":2,"minecraft:deepslate_lapis_ore":10,"minecraft:nether_brick_stairs":3,"minecraft:dark_oak_stairs":4,"minecraft:dirt_path":8,"minecraft:quartz_slab":1,"minecraft:iron_bars":9,"armorplus:ore_lava_crystal_obsidian":1,"minecraft:granite_stairs":2,"minecraft:player_head":1,"minecraft:deepslate_redstone_ore":6,"minecraft:cyan_terracotta":1,"minecraft:torch":14,"minecraft:calcite":25,"minecraft:polished_andesite_stairs":4,"minecraft:cobblestone":61,"minecraft:oak_planks":13,"minecraft:wall_torch":20,"minecraft:pink_petals":3,"minecraft:skeleton_skull":1,"minecraft:dark_oak_slab":1,"minecraft:wheat":12,"minecraft:waxed_oxidized_cut_copper_stairs":1,"minecraft:tnt":79,"minecraft:black_bed":4,"minecraft:stone_brick_stairs":1,"minecraft:wither_rose":1,"minecraft:smooth_stone_slab":5,"minecraft:grass":24,"minecraft:oak_log":13,"minecraft:dirt":54,"minecraft:netherrack":3,"minecraft:polished_deepslate_wall":3,"minecraft:oak_leaves":7,"minecraft:deepslate":102,"minecraft:redstone_lamp":1,"minecraft:tuff":34,"iceandfire:silver_ore":15,"minecraft:mossy_cobblestone":3,"minecraft:deepslate_diamond_ore":1,"minecraft:nether_bricks":3,"minecraft:ladder":1,"minecraft:spruce_fence":1,"minecraft:white_stained_glass":2,"minecraft:redstone_wire":1,"travelersbackpack:white_sleeping_bag":2,"minecraft:hay_block":18,"minecraft:redstone_ore":4,"minecraft:waxed_oxidized_cut_copper":8,"minecraft:furnace":1,"minecraft:carrots":66,"minecraft:polished_basalt":2,"minecraft:andesite":25,"minecraft:polished_deepslate":5,"minecraft:potatoes":4,"minecraft:deepslate_iron_ore":14,"minecraft:stone":532,"minecraft:redstone_block":1,"minecraft:gray_concrete":1,"minecraft:cherry_planks":1,"minecraft:stone_brick_slab":2,"minecraft:polished_granite":1,"minecraft:crafting_table":13,"minecraft:emerald_ore":1,"minecraft:campfire":1,"minecraft:tall_grass":1,"minecraft:copper_ore":13,"minecraft:lapis_ore":7,"minecraft:deepslate_gold_ore":6,"minecraft:diorite":54,"minecraft:quartz_pillar":6,"minecraft:white_wall_banner":1,"minecraft:coal_ore":89,"travelersbackpack:redstone":3,"minecraft:dripstone_block":1,"minecraft:gravel":7,"minecraft:cyan_carpet":2,"minecraft:yellow_concrete":1,"minecraft:cracked_stone_bricks":6,"minecraft:polished_andesite":2,"minecraft:stone_bricks":19,"minecraft:gold_ore":2,"minecraft:iron_trapdoor":1},"minecraft:dropped":{"minecraft:iron_sword":3,"minecraft:dark_oak_stairs":1,"minecraft:diamond_axe":3,"minecraft:glow_ink_sac":2,"minecraft:glass_bottle":1,"minecraft:diamond":3,"minecraft:crafting_table":1,"minecraft:dark_oak_slab":1,"minecraft:black_bed":1,"minecraft:cracked_stone_bricks":1,"minecraft:quartz_pillar":6,"iceandfire:graveyard_soil":2,"minecraft:flint":21,"minecraft:dirt":27,"tombstone:bag_of_seeds":2,"minecraft:bone_meal":15,"minecraft:iron_pickaxe":4,"minecraft:dark_oak_planks":13,"minecraft:white_wool":4,"minecraft:cyan_carpet":6,"minecraft:bone":10,"minecraft:gravel":4,"minecraft:stone_axe":1,"minecraft:cobbled_deepslate":26,"minecraft:wheat":2,"tombstone:gift":2,"minecraft:rotten_flesh":49,"minecraft:azure_bluet":1,"travelersbackpack:cactus":2,"minecraft:carrot":1,"travelersbackpack:iron":1,"minecraft:skeleton_skull":3,"minecraft:charcoal":2,"minecraft:ladder":1,"minecraft:red_nether_bricks":8,"minecraft:iron_bars":3,"minecraft:arrow":19,"minecraft:powered_rail":1,"minecraft:beef":2,"minecraft:written_book":2,"minecraft:netherrack":1,"minecraft:enchanted_book":5,"minecraft:iron_ingot":74,"minecraft:bread":1,"minecraft:wheat_seeds":35,"minecraft:mossy_cobblestone":1,"minecraft:iron_helmet":3,"minecraft:cobblestone":100,"minecraft:granite":5,"minecraft:golden_apple":1,"minecraft:coal_block":1,"minecraft:polished_andesite":1,"minecraft:diorite":16,"minecraft:torch":54,"tombstone:grave_key":3,"minecraft:brown_wool":1,"minecraft:cherry_planks":3,"tombstone:grave_dust":15,"minecraft:potion":6,"minecraft:iron_leggings":1,"minecraft:wither_rose":2,"minecraft:white_banner":1,"minecraft:string":5,"minecraft:pink_petals":61,"minecraft:polished_deepslate_wall":6,"minecraft:stone_brick_slab":1,"minecraft:polished_deepslate":2,"minecraft:redstone":4,"minecraft:player_head":2,"minecraft:coarse_dirt":4,"minecraft:iron_boots":1,"minecraft:white_terracotta":5,"minecraft:spruce_fence":2,"minecraft:oak_sign":3,"minecraft:flint_and_steel":2,"minecraft:potato":2,"minecraft:diamond_chestplate":1,"minecraft:spruce_planks":9,"minecraft:diamond_pickaxe":1,"minecraft:andesite":7,"minecraft:quartz_stairs":1,"minecraft:stone_bricks":9,"minecraft:spider_eye":1,"minecraft:barrel":4,"minecraft:diamond_boots":1,"minecraft:stone_pickaxe":1,"minecraft:magma_cream":1,"minecraft:calcite":33},"minecraft:crafted":{"minecraft:oak_planks":52,"travelersbackpack:iron":1,"minecraft:iron_boots":2,"tombstone:grave_key":20,"minecraft:chest":4,"minecraft:diamond_axe":1,"minecraft:crafting_table":5,"minecraft:wooden_pickaxe":1,"minecraft:iron_helmet":1,"minecraft:iron_chestplate":1,"minecraft:diamond_pickaxe":1,"minecraft:shield":2,"minecraft:stick":84,"minecraft:iron_ingot":95,"minecraft:iron_pickaxe":4,"minecraft:coal":36,"minecraft:furnace":1,"minecraft:bone_meal":15,"armorplus:lava_crystal":2,"travelersbackpack:white_sleeping_bag":1,"minecraft:stone_pickaxe":3,"minecraft:wheat":162,"minecraft:iron_sword":1,"minecraft:bread":57,"minecraft:air":0,"travelersbackpack:redstone":1,"minecraft:iron_leggings":1,"minecraft:torch":228},"minecraft:custom":{"minecraft:interact_with_crafting_table":77,"minecraft:open_barrel":274,"minecraft:leave_game":13,"minecraft:time_since_death":21421,"minecraft:damage_resisted":74,"minecraft:sprint_one_cm":1426555,"minecraft:damage_blocked_by_shield":5700,"minecraft:drop":209,"minecraft:talked_to_villager":3,"minecraft:play_time":656457,"minecraft:deaths":57,"minecraft:jump":5471,"minecraft:walk_on_water_one_cm":106691,"minecraft:interact_with_furnace":29,"minecraft:interact_with_loom":1,"minecraft:sleep_in_bed":15,"minecraft:damage_dealt":30408,"minecraft:crouch_one_cm":116886,"tombstone:undead_killed":129,"minecraft:interact_with_smoker":2,"minecraft:interact_with_smithing_table":1,"minecraft:mob_kills":160,"minecraft:climb_one_cm":45876,"minecraft:walk_one_cm":1374642,"minecraft:sneak_time":54207,"minecraft:walk_under_water_one_cm":40798,"minecraft:interact_with_lectern":1,"minecraft:interact_with_blast_furnace":3,"minecraft:total_world_time":656457,"minecraft:tune_noteblock":8,"minecraft:time_since_rest":19022,"minecraft:damage_taken":24072,"minecraft:trigger_trapped_chest":79,"minecraft:swim_one_cm":57154,"minecraft:fly_one_cm":508165,"minecraft:open_chest":223,"minecraft:fall_one_cm":97988}},"DataVersion":3465}