{"stats":{"minecraft:killed":{"minecraft:zombie_villager":1,"minecraft:spider":1,"minecraft:skeleton":1,"minecraft:sheep":8,"minecraft:zombie":22},"minecraft:dropped":{"minecraft:wheat_seeds":34,"minecraft:cobbled_deepslate":20,"minecraft:wheat":2,"minecraft:cobblestone":56,"minecraft:black_bed":1,"minecraft:granite":5,"minecraft:oak_sign":2,"minecraft:andesite":6,"minecraft:brown_wool":1,"minecraft:spider_eye":1,"tombstone:grave_dust":1,"minecraft:iron_pickaxe":1},"minecraft:custom":{"minecraft:interact_with_furnace":22,"minecraft:mob_kills":39,"minecraft:tune_noteblock":1,"minecraft:interact_with_crafting_table":27,"minecraft:open_barrel":9,"minecraft:leave_game":6,"minecraft:time_since_death":10813,"minecraft:sleep_in_bed":2,"minecraft:time_since_rest":10360,"minecraft:sprint_one_cm":147172,"minecraft:damage_taken":2525,"minecraft:walk_one_cm":236343,"minecraft:damage_blocked_by_shield":180,"minecraft:trigger_trapped_chest":32,"minecraft:drop":13,"minecraft:damage_dealt":6221,"minecraft:swim_one_cm":5779,"minecraft:fly_one_cm":64921,"minecraft:open_chest":12,"minecraft:play_time":138373,"minecraft:crouch_one_cm":30544,"minecraft:sneak_time":15314,"tombstone:undead_killed":24,"minecraft:deaths":5,"minecraft:walk_under_water_one_cm":2783,"minecraft:jump":996,"minecraft:walk_on_water_one_cm":2490,"minecraft:total_world_time":138373,"minecraft:fall_one_cm":15874},"minecraft:used":{"minecraft:stone_sword":88,"minecraft:stone_pickaxe":239,"minecraft:shield":3,"minecraft:chest":1,"minecraft:wooden_pickaxe":18,"minecraft:iron_sword":56,"minecraft:torch":54,"minecraft:dirt":3,"minecraft:crafting_table":7,"minecraft:carrot":26,"minecraft:black_bed":3,"tombstone:bag_of_seeds":2,"minecraft:oak_log":1,"minecraft:bread":7,"minecraft:iron_pickaxe":158,"tombstone:grave_key":1,"minecraft:stone_axe":38,"minecraft:cobblestone":59,"minecraft:furnace":2,"tombstone:gift":4,"minecraft:trapped_chest":1,"minecraft:cobbled_deepslate":1},"minecraft:killed_by":{"minecraft:zombie":2},"minecraft:mined":{"minecraft:deepslate_redstone_ore":3,"minecraft:tuff":12,"minecraft:deepslate_diamond_ore":1,"armorplus:ore_lava_crystal_stone":5,"minecraft:crafting_table":6,"minecraft:torch":5,"minecraft:granite":5,"minecraft:grass_block":15,"minecraft:copper_ore":3,"minecraft:tall_grass":1,"minecraft:cobblestone":23,"minecraft:deepslate_gold_ore":5,"minecraft:diorite":15,"minecraft:wall_torch":8,"minecraft:hay_block":10,"minecraft:smooth_stone":1,"minecraft:furnace":1,"minecraft:carrots":6,"minecraft:iron_ore":12,"minecraft:wheat":12,"minecraft:andesite":6,"minecraft:black_bed":3,"minecraft:deepslate_lapis_ore":10,"minecraft:grass":16,"minecraft:potatoes":4,"minecraft:oak_log":13,"minecraft:coal_ore":85,"minecraft:deepslate_iron_ore":11,"minecraft:dirt_path":2,"minecraft:gravel":1,"minecraft:dirt":13,"minecraft:stone":150,"minecraft:oak_leaves":1,"minecraft:deepslate":49},"minecraft:crafted":{"minecraft:oak_planks":48,"minecraft:coal":18,"minecraft:crafting_table":1,"minecraft:wooden_pickaxe":1,"minecraft:iron_sword":1,"minecraft:furnace":1,"minecraft:bread":33,"minecraft:air":0,"minecraft:shield":1,"tombstone:grave_key":2,"minecraft:stick":32,"minecraft:iron_ingot":21,"minecraft:iron_pickaxe":1,"minecraft:stone_pickaxe":3,"minecraft:chest":1,"minecraft:torch":72,"minecraft:wheat":90},"minecraft:broken":{"minecraft:stone_pickaxe":1},"minecraft:picked_up":{"minecraft:crafting_table":6,"minecraft:wheat":13,"minecraft:chainmail_boots":1,"minecraft:andesite":12,"minecraft:brown_wool":1,"minecraft:black_bed":5,"minecraft:potato":12,"minecraft:oak_log":13,"minecraft:chainmail_chestplate":1,"minecraft:lapis_lazuli":73,"minecraft:dirt":28,"minecraft:string":1,"minecraft:bone":2,"minecraft:oak_sign":4,"minecraft:wheat_seeds":34,"minecraft:cobbled_deepslate":31,"minecraft:smooth_stone":1,"minecraft:raw_gold":5,"tombstone:bag_of_seeds":1,"minecraft:iron_pickaxe":1,"minecraft:furnace":1,"minecraft:raw_iron":22,"minecraft:torch":13,"minecraft:gravel":3,"tombstone:grave_dust":1,"minecraft:diorite":15,"minecraft:redstone":14,"minecraft:carrot":84,"minecraft:trapped_chest":1,"minecraft:spider_eye":1,"minecraft:stone_sword":1,"minecraft:arrow":3,"minecraft:rotten_flesh":29,"minecraft:diamond":1,"minecraft:stone_axe":1,"minecraft:chainmail_leggings":1,"minecraft:hay_block":10,"minecraft:granite":5,"minecraft:chainmail_helmet":1,"minecraft:baked_potato":32,"tombstone:magic_scroll":1,"minecraft:mutton":14,"minecraft:coal":85,"minecraft:white_wool":7,"minecraft:cobblestone":166,"armorplus:lava_shard":8}},"DataVersion":3465}