{"stats":{"minecraft:custom":{"minecraft:interact_with_smithing_table":1,"minecraft:mob_kills":101,"minecraft:interact_with_crafting_table":38,"minecraft:open_barrel":150,"minecraft:leave_game":6,"minecraft:time_since_death":5675,"minecraft:climb_one_cm":13900,"minecraft:sprint_one_cm":537167,"minecraft:walk_one_cm":599662,"minecraft:damage_blocked_by_shield":2670,"minecraft:drop":56,"minecraft:play_time":263760,"minecraft:deaths":12,"minecraft:sneak_time":25914,"minecraft:walk_under_water_one_cm":15361,"minecraft:jump":1674,"minecraft:walk_on_water_one_cm":45759,"minecraft:total_world_time":263760,"minecraft:interact_with_furnace":27,"minecraft:tune_noteblock":3,"minecraft:sleep_in_bed":2,"minecraft:time_since_rest":4990,"minecraft:damage_taken":6213,"minecraft:trigger_trapped_chest":56,"minecraft:damage_dealt":20782,"minecraft:swim_one_cm":13700,"minecraft:fly_one_cm":94005,"minecraft:open_chest":98,"minecraft:crouch_one_cm":55510,"tombstone:undead_killed":80,"minecraft:interact_with_smoker":1,"minecraft:fall_one_cm":28539},"minecraft:used":{"minecraft:stone_sword":88,"minecraft:spruce_planks":39,"minecraft:chest":2,"minecraft:shield":33,"minecraft:white_terracotta":3,"minecraft:iron_sword":296,"simpletomb:grave_key":1,"minecraft:torch":135,"minecraft:dirt":3,"minecraft:carrot":26,"minecraft:tuff":64,"minecraft:lava_bucket":16,"minecraft:iron_trapdoor":1,"minecraft:furnace":2,"tombstone:gift":5,"minecraft:trapped_chest":1,"minecraft:cobbled_deepslate":13,"minecraft:polished_andesite":1,"minecraft:stone_pickaxe":239,"minecraft:oak_planks":11,"minecraft:baked_potato":6,"minecraft:wooden_pickaxe":18,"minecraft:diamond_axe":54,"minecraft:crafting_table":7,"minecraft:black_bed":3,"minecraft:oak_log":1,"tombstone:bag_of_seeds":2,"minecraft:bread":36,"minecraft:iron_pickaxe":363,"tombstone:grave_key":7,"minecraft:stone_axe":38,"minecraft:cobblestone":100,"minecraft:bucket":15},"minecraft:killed":{"minecraft:cave_spider":1,"minecraft:spider":3,"minecraft:skeleton":9,"minecraft:zombie_villager":1,"minecraft:sheep":8,"minecraft:zombie":70,"minecraft:glow_squid":1},"minecraft:mined":{"minecraft:spruce_planks":2,"minecraft:tuff":33,"iceandfire:silver_ore":5,"minecraft:mossy_cobblestone":1,"minecraft:deepslate_diamond_ore":1,"minecraft:andesite_stairs":1,"minecraft:orange_stained_glass":2,"armorplus:ore_lava_crystal_stone":5,"minecraft:granite":5,"minecraft:grass_block":15,"minecraft:white_stained_glass":2,"minecraft:redstone_wire":1,"minecraft:nether_wart":60,"minecraft:spawner":11,"minecraft:hay_block":10,"minecraft:smooth_stone":1,"minecraft:redstone_ore":1,"minecraft:waxed_oxidized_cut_copper":5,"minecraft:furnace":1,"minecraft:carrots":66,"minecraft:iron_ore":37,"minecraft:andesite":8,"minecraft:deepslate_lapis_ore":10,"minecraft:polished_deepslate":1,"minecraft:potatoes":4,"minecraft:deepslate_iron_ore":13,"minecraft:dirt_path":2,"minecraft:iron_bars":6,"minecraft:stone":167,"minecraft:deepslate_redstone_ore":3,"minecraft:redstone_block":1,"minecraft:crafting_table":6,"minecraft:torch":11,"minecraft:polished_andesite_stairs":1,"minecraft:tall_grass":1,"minecraft:copper_ore":3,"minecraft:cobblestone":29,"minecraft:deepslate_gold_ore":6,"minecraft:oak_planks":5,"minecraft:diorite":15,"minecraft:wall_torch":8,"minecraft:wheat":12,"minecraft:quartz_pillar":1,"minecraft:black_bed":3,"minecraft:smooth_stone_slab":1,"minecraft:grass":16,"minecraft:coal_ore":85,"minecraft:oak_log":13,"minecraft:gravel":2,"minecraft:yellow_concrete":1,"minecraft:dirt":13,"minecraft:cracked_stone_bricks":1,"minecraft:polished_andesite":1,"minecraft:stone_bricks":7,"minecraft:oak_leaves":1,"minecraft:iron_trapdoor":1,"minecraft:deepslate":69,"minecraft:redstone_lamp":1},"minecraft:dropped":{"minecraft:enchanted_book":3,"minecraft:iron_sword":1,"minecraft:wheat_seeds":34,"minecraft:iron_helmet":1,"minecraft:cobblestone":63,"minecraft:black_bed":1,"minecraft:granite":5,"minecraft:quartz_pillar":6,"minecraft:polished_andesite":1,"minecraft:torch":4,"minecraft:brown_wool":1,"tombstone:grave_dust":13,"minecraft:iron_pickaxe":4,"minecraft:bone":7,"minecraft:redstone":4,"minecraft:gravel":4,"minecraft:cobbled_deepslate":22,"minecraft:wheat":2,"minecraft:rotten_flesh":30,"minecraft:white_terracotta":5,"minecraft:oak_sign":2,"minecraft:potato":2,"minecraft:diamond_chestplate":1,"minecraft:andesite":7,"minecraft:spider_eye":1,"minecraft:arrow":10,"minecraft:powered_rail":1},"minecraft:broken":{"minecraft:stone_pickaxe":1},"minecraft:crafted":{"minecraft:oak_planks":48,"minecraft:coal":36,"minecraft:furnace":1,"minecraft:iron_boots":1,"tombstone:grave_key":8,"minecraft:stone_pickaxe":3,"minecraft:chest":2,"minecraft:wheat":90,"minecraft:diamond_axe":1,"minecraft:crafting_table":1,"minecraft:wooden_pickaxe":1,"minecraft:iron_sword":1,"minecraft:bread":33,"minecraft:air":0,"minecraft:iron_chestplate":1,"minecraft:shield":1,"minecraft:stick":56,"minecraft:iron_ingot":75,"minecraft:iron_pickaxe":2,"minecraft:iron_leggings":1,"minecraft:torch":156},"minecraft:killed_by":{"minecraft:zombie":4},"minecraft:picked_up":{"minecraft:crafting_table":6,"minecraft:redstone_block":1,"minecraft:wheat":13,"minecraft:chainmail_boots":1,"minecraft:iron_trapdoor":1,"minecraft:nether_wart":175,"minecraft:enchanted_book":3,"minecraft:polished_deepslate":1,"minecraft:string":1,"minecraft:smooth_stone_slab":1,"minecraft:oak_sign":4,"minecraft:cracked_stone_bricks":2,"minecraft:cobbled_deepslate":49,"minecraft:smooth_stone":1,"minecraft:spruce_planks":37,"minecraft:iron_pickaxe":3,"minecraft:furnace":1,"minecraft:raw_iron":49,"minecraft:torch":24,"minecraft:quartz_pillar":6,"tombstone:grave_dust":16,"minecraft:diorite":15,"minecraft:carrot":289,"minecraft:redstone":18,"minecraft:green_terracotta":2,"minecraft:tnt":76,"minecraft:diamond_chestplate":1,"minecraft:rotten_flesh":109,"minecraft:stone_sword":1,"minecraft:arrow":18,"minecraft:hay_block":10,"minecraft:white_terracotta":8,"minecraft:mutton":14,"minecraft:rail":3,"minecraft:iron_bars":6,"minecraft:cobblestone":182,"minecraft:white_wool":7,"minecraft:glow_ink_sac":1,"minecraft:andesite":14,"minecraft:black_bed":5,"minecraft:brown_wool":1,"minecraft:potato":14,"minecraft:tuff":68,"minecraft:oak_log":13,"minecraft:chainmail_chestplate":1,"minecraft:gunpowder":1,"minecraft:lapis_lazuli":79,"minecraft:dirt":28,"minecraft:bone":15,"minecraft:stone_bricks":8,"minecraft:bow":1,"minecraft:wheat_seeds":34,"minecraft:raw_gold":6,"minecraft:iron_ingot":1,"tombstone:bag_of_seeds":1,"minecraft:powered_rail":1,"minecraft:oak_planks":6,"minecraft:polished_andesite_stairs":1,"minecraft:yellow_concrete":1,"minecraft:gravel":7,"minecraft:trapped_chest":1,"minecraft:spider_eye":1,"minecraft:polished_andesite":1,"minecraft:diamond":1,"minecraft:stone_axe":1,"minecraft:chainmail_leggings":1,"minecraft:iron_helmet":1,"minecraft:granite":5,"minecraft:chainmail_helmet":1,"minecraft:baked_potato":32,"tombstone:magic_scroll":3,"minecraft:coal":85,"iceandfire:raw_silver":5,"armorplus:lava_shard":8}},"DataVersion":3465}