{"stats":{"minecraft:custom":{"minecraft:interact_with_furnace":25,"minecraft:mob_kills":43,"minecraft:interact_with_crafting_table":32,"minecraft:tune_noteblock":1,"minecraft:open_barrel":20,"minecraft:leave_game":6,"minecraft:time_since_death":13608,"minecraft:sleep_in_bed":2,"minecraft:time_since_rest":13213,"minecraft:sprint_one_cm":173778,"minecraft:damage_taken":2926,"minecraft:walk_one_cm":283989,"minecraft:damage_blocked_by_shield":180,"minecraft:trigger_trapped_chest":40,"minecraft:drop":14,"minecraft:damage_dealt":7632,"minecraft:swim_one_cm":5779,"minecraft:fly_one_cm":68224,"minecraft:play_time":155760,"minecraft:crouch_one_cm":35003,"minecraft:open_chest":36,"minecraft:sneak_time":17624,"tombstone:undead_killed":28,"minecraft:deaths":6,"minecraft:walk_under_water_one_cm":2783,"minecraft:jump":1102,"minecraft:walk_on_water_one_cm":2490,"minecraft:total_world_time":155760,"minecraft:fall_one_cm":17813},"minecraft:used":{"minecraft:stone_sword":88,"minecraft:stone_pickaxe":239,"minecraft:wooden_pickaxe":18,"minecraft:chest":1,"minecraft:shield":3,"minecraft:iron_sword":95,"minecraft:diamond_axe":32,"minecraft:torch":62,"minecraft:dirt":3,"minecraft:crafting_table":7,"minecraft:carrot":26,"minecraft:black_bed":3,"tombstone:bag_of_seeds":2,"minecraft:oak_log":1,"minecraft:bread":10,"minecraft:iron_pickaxe":172,"tombstone:grave_key":1,"minecraft:stone_axe":38,"minecraft:cobblestone":88,"minecraft:furnace":2,"tombstone:gift":4,"minecraft:trapped_chest":1,"minecraft:cobbled_deepslate":1},"minecraft:killed":{"minecraft:zombie_villager":1,"minecraft:spider":1,"minecraft:skeleton":1,"minecraft:sheep":8,"minecraft:zombie":26},"minecraft:dropped":{"minecraft:wheat_seeds":34,"minecraft:cobbled_deepslate":20,"minecraft:wheat":2,"minecraft:cobblestone":56,"minecraft:black_bed":1,"minecraft:granite":5,"minecraft:oak_sign":2,"minecraft:andesite":6,"minecraft:brown_wool":1,"tombstone:grave_dust":3,"minecraft:spider_eye":1,"minecraft:iron_pickaxe":1},"minecraft:mined":{"minecraft:deepslate_redstone_ore":3,"minecraft:tuff":12,"minecraft:deepslate_diamond_ore":1,"armorplus:ore_lava_crystal_stone":5,"minecraft:crafting_table":6,"minecraft:torch":5,"minecraft:granite":5,"minecraft:grass_block":15,"minecraft:copper_ore":3,"minecraft:tall_grass":1,"minecraft:cobblestone":29,"minecraft:deepslate_gold_ore":5,"minecraft:diorite":15,"minecraft:wall_torch":8,"minecraft:spawner":2,"minecraft:hay_block":10,"minecraft:smooth_stone":1,"minecraft:furnace":1,"minecraft:carrots":66,"minecraft:iron_ore":12,"minecraft:wheat":12,"minecraft:andesite":7,"minecraft:black_bed":3,"minecraft:deepslate_lapis_ore":10,"minecraft:grass":16,"minecraft:potatoes":4,"minecraft:oak_log":13,"minecraft:coal_ore":85,"minecraft:deepslate_iron_ore":11,"minecraft:dirt_path":2,"minecraft:iron_bars":4,"minecraft:gravel":1,"minecraft:dirt":13,"minecraft:stone_bricks":1,"minecraft:stone":150,"minecraft:oak_leaves":1,"minecraft:deepslate":49},"minecraft:crafted":{"minecraft:oak_planks":48,"minecraft:coal":18,"minecraft:diamond_axe":1,"minecraft:crafting_table":1,"minecraft:wooden_pickaxe":1,"minecraft:iron_sword":1,"minecraft:furnace":1,"minecraft:bread":33,"minecraft:air":0,"minecraft:iron_boots":1,"minecraft:iron_chestplate":1,"minecraft:shield":1,"tombstone:grave_key":2,"minecraft:stick":40,"minecraft:iron_ingot":21,"minecraft:iron_pickaxe":1,"minecraft:stone_pickaxe":3,"minecraft:chest":1,"minecraft:iron_leggings":1,"minecraft:torch":72,"minecraft:wheat":90},"minecraft:broken":{"minecraft:stone_pickaxe":1},"minecraft:killed_by":{"minecraft:zombie":2},"minecraft:picked_up":{"minecraft:crafting_table":6,"minecraft:wheat":13,"minecraft:chainmail_boots":1,"minecraft:andesite":13,"minecraft:brown_wool":1,"minecraft:black_bed":5,"minecraft:potato":12,"minecraft:oak_log":13,"minecraft:chainmail_chestplate":1,"minecraft:lapis_lazuli":73,"minecraft:dirt":28,"minecraft:string":1,"minecraft:bone":2,"minecraft:oak_sign":4,"minecraft:stone_bricks":1,"minecraft:wheat_seeds":34,"minecraft:smooth_stone":1,"minecraft:cobbled_deepslate":31,"minecraft:raw_gold":5,"tombstone:bag_of_seeds":1,"minecraft:iron_pickaxe":1,"minecraft:furnace":1,"minecraft:raw_iron":22,"minecraft:torch":13,"minecraft:gravel":3,"tombstone:grave_dust":3,"minecraft:diorite":15,"minecraft:carrot":289,"minecraft:redstone":14,"minecraft:trapped_chest":1,"minecraft:spider_eye":1,"minecraft:stone_sword":1,"minecraft:arrow":3,"minecraft:rotten_flesh":34,"minecraft:diamond":1,"minecraft:stone_axe":1,"minecraft:chainmail_leggings":1,"minecraft:hay_block":10,"minecraft:granite":5,"minecraft:chainmail_helmet":1,"minecraft:baked_potato":32,"tombstone:magic_scroll":1,"minecraft:iron_bars":4,"minecraft:mutton":14,"minecraft:coal":85,"minecraft:white_wool":7,"minecraft:cobblestone":171,"armorplus:lava_shard":8}},"DataVersion":3465}