{"stats":{"minecraft:custom":{"minecraft:interact_with_smithing_table":1,"minecraft:mob_kills":51,"minecraft:interact_with_crafting_table":38,"minecraft:open_barrel":110,"minecraft:leave_game":6,"minecraft:time_since_death":61608,"minecraft:climb_one_cm":7920,"minecraft:sprint_one_cm":390362,"minecraft:walk_one_cm":450712,"minecraft:damage_blocked_by_shield":1380,"minecraft:drop":19,"minecraft:play_time":203760,"minecraft:deaths":6,"minecraft:sneak_time":20939,"minecraft:walk_under_water_one_cm":3309,"minecraft:jump":1377,"minecraft:walk_on_water_one_cm":4682,"minecraft:total_world_time":203760,"minecraft:interact_with_furnace":27,"minecraft:tune_noteblock":1,"minecraft:sleep_in_bed":2,"minecraft:time_since_rest":61213,"minecraft:damage_taken":3797,"minecraft:trigger_trapped_chest":56,"minecraft:damage_dealt":9132,"minecraft:swim_one_cm":5779,"minecraft:fly_one_cm":82349,"minecraft:open_chest":87,"minecraft:crouch_one_cm":44656,"tombstone:undead_killed":35,"minecraft:interact_with_smoker":1,"minecraft:fall_one_cm":26574},"minecraft:used":{"minecraft:stone_sword":88,"minecraft:chest":2,"minecraft:shield":15,"minecraft:white_terracotta":3,"minecraft:iron_sword":118,"minecraft:torch":113,"minecraft:dirt":3,"minecraft:carrot":26,"minecraft:tuff":49,"minecraft:lava_bucket":1,"minecraft:furnace":2,"tombstone:gift":4,"minecraft:trapped_chest":1,"minecraft:cobbled_deepslate":13,"minecraft:stone_pickaxe":239,"minecraft:wooden_pickaxe":18,"minecraft:diamond_axe":34,"minecraft:crafting_table":7,"minecraft:black_bed":3,"minecraft:oak_log":1,"tombstone:bag_of_seeds":2,"minecraft:bread":27,"minecraft:iron_pickaxe":275,"tombstone:grave_key":1,"minecraft:stone_axe":38,"minecraft:cobblestone":99,"minecraft:bucket":1},"minecraft:killed":{"minecraft:spider":2,"minecraft:skeleton":2,"minecraft:zombie_villager":1,"minecraft:sheep":8,"minecraft:zombie":32},"minecraft:mined":{"minecraft:tuff":30,"minecraft:deepslate_diamond_ore":1,"minecraft:andesite_stairs":1,"minecraft:orange_stained_glass":2,"armorplus:ore_lava_crystal_stone":5,"minecraft:granite":5,"minecraft:grass_block":15,"minecraft:nether_wart":60,"minecraft:spawner":4,"minecraft:hay_block":10,"minecraft:smooth_stone":1,"minecraft:redstone_ore":1,"minecraft:furnace":1,"minecraft:carrots":66,"minecraft:iron_ore":12,"minecraft:andesite":7,"minecraft:deepslate_lapis_ore":10,"minecraft:polished_deepslate":1,"minecraft:potatoes":4,"minecraft:deepslate_iron_ore":11,"minecraft:dirt_path":2,"minecraft:iron_bars":4,"minecraft:stone":150,"minecraft:deepslate_redstone_ore":3,"minecraft:crafting_table":6,"minecraft:torch":11,"minecraft:tall_grass":1,"minecraft:copper_ore":3,"minecraft:cobblestone":29,"minecraft:deepslate_gold_ore":6,"minecraft:diorite":15,"minecraft:wall_torch":8,"minecraft:wheat":12,"minecraft:black_bed":3,"minecraft:smooth_stone_slab":1,"minecraft:grass":16,"minecraft:coal_ore":85,"minecraft:oak_log":13,"minecraft:gravel":1,"minecraft:yellow_concrete":1,"minecraft:dirt":13,"minecraft:stone_bricks":1,"minecraft:oak_leaves":1,"minecraft:deepslate":64},"minecraft:dropped":{"minecraft:iron_sword":1,"minecraft:wheat_seeds":34,"minecraft:cobblestone":56,"minecraft:black_bed":1,"minecraft:granite":5,"minecraft:quartz_pillar":3,"minecraft:brown_wool":1,"tombstone:grave_dust":3,"minecraft:iron_pickaxe":1,"minecraft:redstone":4,"minecraft:cobbled_deepslate":22,"minecraft:wheat":2,"minecraft:white_terracotta":5,"minecraft:oak_sign":2,"minecraft:andesite":6,"minecraft:spider_eye":1},"minecraft:broken":{"minecraft:stone_pickaxe":1},"minecraft:crafted":{"minecraft:oak_planks":48,"minecraft:coal":18,"minecraft:furnace":1,"minecraft:iron_boots":1,"tombstone:grave_key":2,"minecraft:stone_pickaxe":3,"minecraft:chest":2,"minecraft:wheat":90,"minecraft:diamond_axe":1,"minecraft:crafting_table":1,"minecraft:wooden_pickaxe":1,"minecraft:iron_sword":1,"minecraft:bread":33,"minecraft:air":0,"minecraft:iron_chestplate":1,"minecraft:shield":1,"minecraft:stick":44,"minecraft:iron_ingot":21,"minecraft:iron_pickaxe":2,"minecraft:iron_leggings":1,"minecraft:torch":108},"minecraft:killed_by":{"minecraft:zombie":2},"minecraft:picked_up":{"minecraft:crafting_table":6,"minecraft:wheat":13,"minecraft:chainmail_boots":1,"minecraft:nether_wart":175,"minecraft:polished_deepslate":1,"minecraft:string":1,"minecraft:smooth_stone_slab":1,"minecraft:oak_sign":4,"minecraft:cracked_stone_bricks":1,"minecraft:cobbled_deepslate":46,"minecraft:smooth_stone":1,"minecraft:spruce_planks":32,"minecraft:iron_pickaxe":1,"minecraft:furnace":1,"minecraft:raw_iron":22,"minecraft:torch":19,"minecraft:quartz_pillar":3,"tombstone:grave_dust":3,"minecraft:diorite":15,"minecraft:carrot":289,"minecraft:redstone":18,"minecraft:green_terracotta":2,"minecraft:tnt":76,"minecraft:rotten_flesh":39,"minecraft:stone_sword":1,"minecraft:arrow":4,"minecraft:hay_block":10,"minecraft:white_terracotta":8,"minecraft:mutton":14,"minecraft:iron_bars":4,"minecraft:cobblestone":172,"minecraft:white_wool":7,"minecraft:andesite":13,"minecraft:black_bed":5,"minecraft:brown_wool":1,"minecraft:potato":12,"minecraft:tuff":65,"minecraft:oak_log":13,"minecraft:chainmail_chestplate":1,"minecraft:lapis_lazuli":79,"minecraft:dirt":28,"minecraft:bone":4,"minecraft:stone_bricks":1,"minecraft:wheat_seeds":34,"minecraft:raw_gold":6,"minecraft:iron_ingot":1,"tombstone:bag_of_seeds":1,"minecraft:yellow_concrete":1,"minecraft:gravel":3,"minecraft:trapped_chest":1,"minecraft:spider_eye":1,"minecraft:diamond":1,"minecraft:stone_axe":1,"minecraft:chainmail_leggings":1,"minecraft:granite":5,"minecraft:chainmail_helmet":1,"minecraft:baked_potato":32,"tombstone:magic_scroll":1,"minecraft:coal":85,"armorplus:lava_shard":8}},"DataVersion":3465}