{"stats":{"minecraft:killed":{"minecraft:cave_spider":1,"minecraft:spider":4,"minecraft:skeleton":10,"minecraft:pig":2,"minecraft:zombie_villager":1,"minecraft:creeper":1,"minecraft:sheep":8,"minecraft:zombie":70,"minecraft:glow_squid":1,"minecraft:cow":2},"minecraft:killed_by":{"minecraft:zombie":8},"minecraft:used":{"minecraft:stone_sword":88,"minecraft:chest":4,"minecraft:spruce_planks":43,"minecraft:white_terracotta":3,"minecraft:shield":34,"minecraft:iron_sword":305,"simpletomb:grave_key":11,"minecraft:torch":197,"minecraft:dirt":9,"minecraft:carrot":54,"travelersbackpack:iron":8,"minecraft:tuff":64,"minecraft:lava_bucket":16,"travelersbackpack:cactus":10,"minecraft:iron_trapdoor":1,"minecraft:furnace":2,"tombstone:gift":5,"minecraft:trapped_chest":1,"minecraft:cobbled_deepslate":13,"travelersbackpack:redstone":10,"minecraft:stone_pickaxe":307,"minecraft:polished_andesite":1,"minecraft:baked_potato":10,"minecraft:oak_planks":11,"minecraft:wooden_pickaxe":18,"minecraft:diamond_axe":95,"minecraft:crafting_table":10,"minecraft:white_bed":1,"minecraft:black_bed":3,"tombstone:bag_of_seeds":2,"minecraft:oak_log":1,"minecraft:bread":36,"minecraft:iron_pickaxe":859,"travelersbackpack:white_sleeping_bag":1,"tombstone:grave_key":13,"minecraft:stone_axe":38,"travelersbackpack:standard":2,"minecraft:cobblestone":206,"minecraft:bucket":15,"minecraft:oak_fence":1},"minecraft:broken":{"minecraft:stone_pickaxe":1,"minecraft:shield":1,"minecraft:iron_pickaxe":1},"minecraft:picked_up":{"minecraft:charcoal":2,"minecraft:crafting_table":10,"minecraft:nether_wart":175,"minecraft:wheat":13,"minecraft:azure_bluet":1,"minecraft:redstone_block":1,"minecraft:chainmail_boots":1,"minecraft:ladder":1,"minecraft:iron_trapdoor":1,"minecraft:enchanted_book":3,"minecraft:polished_deepslate":4,"minecraft:string":2,"minecraft:raw_copper":32,"minecraft:smooth_stone_slab":1,"minecraft:oak_sign":4,"minecraft:cracked_stone_bricks":2,"minecraft:cobbled_deepslate":69,"minecraft:smooth_stone":3,"minecraft:spruce_planks":48,"minecraft:beef":2,"minecraft:player_head":1,"minecraft:calcite":17,"minecraft:iron_pickaxe":3,"minecraft:coal_block":1,"minecraft:furnace":1,"minecraft:raw_iron":68,"minecraft:oak_fence":2,"minecraft:torch":73,"travelersbackpack:cactus":1,"minecraft:spruce_fence":1,"minecraft:porkchop":4,"minecraft:quartz_pillar":6,"tombstone:grave_dust":16,"minecraft:diorite":51,"minecraft:carrot":290,"minecraft:redstone":46,"minecraft:green_terracotta":2,"minecraft:dark_oak_planks":3,"minecraft:tnt":76,"minecraft:stone_sword":1,"minecraft:arrow":18,"minecraft:rotten_flesh":111,"minecraft:diamond_chestplate":1,"minecraft:hay_block":18,"minecraft:white_terracotta":8,"minecraft:mutton":14,"minecraft:rail":4,"minecraft:iron_bars":6,"minecraft:white_wool":7,"minecraft:cobblestone":515,"minecraft:glow_ink_sac":1,"minecraft:andesite":27,"minecraft:black_bed":5,"minecraft:brown_wool":1,"minecraft:leather":1,"minecraft:potato":14,"minecraft:tuff":68,"minecraft:oak_log":14,"minecraft:chainmail_chestplate":1,"minecraft:gunpowder":1,"minecraft:lapis_lazuli":120,"minecraft:dirt":57,"minecraft:white_banner":1,"tombstone:gift":1,"minecraft:bone":16,"minecraft:stone_bricks":14,"minecraft:bow":1,"minecraft:wheat_seeds":35,"minecraft:raw_gold":6,"minecraft:iron_ingot":1,"tombstone:bag_of_seeds":1,"minecraft:powered_rail":1,"minecraft:oak_planks":7,"minecraft:dark_oak_stairs":1,"minecraft:polished_andesite_stairs":1,"minecraft:yellow_concrete":1,"minecraft:gravel":21,"minecraft:dripstone_block":4,"minecraft:white_bed":1,"minecraft:trapped_chest":1,"minecraft:spider_eye":1,"minecraft:mossy_cobblestone":1,"travelersbackpack:white_sleeping_bag":1,"minecraft:polished_andesite":1,"minecraft:diamond":1,"minecraft:stone_axe":1,"minecraft:chainmail_leggings":1,"minecraft:iron_helmet":1,"minecraft:granite":31,"minecraft:diamond_axe":1,"minecraft:golden_apple":2,"minecraft:chainmail_helmet":1,"minecraft:baked_potato":32,"tombstone:magic_scroll":3,"minecraft:coal":89,"iceandfire:raw_silver":15,"armorplus:lava_shard":14},"minecraft:mined":{"minecraft:dark_oak_planks":3,"minecraft:spruce_planks":14,"minecraft:tuff":33,"minecraft:white_bed":1,"iceandfire:silver_ore":15,"minecraft:mossy_cobblestone":2,"minecraft:deepslate_diamond_ore":1,"minecraft:andesite_stairs":1,"minecraft:orange_stained_glass":2,"armorplus:ore_lava_crystal_stone":9,"minecraft:ladder":1,"minecraft:granite":33,"minecraft:spruce_fence":1,"minecraft:grass_block":36,"minecraft:white_stained_glass":2,"minecraft:redstone_wire":1,"minecraft:coal_block":1,"travelersbackpack:white_sleeping_bag":1,"minecraft:nether_wart":60,"minecraft:spawner":12,"minecraft:hay_block":18,"minecraft:smooth_stone":1,"travelersbackpack:cactus":1,"minecraft:redstone_ore":4,"minecraft:waxed_oxidized_cut_copper":6,"minecraft:carrots":66,"minecraft:furnace":1,"minecraft:dark_oak_trapdoor":2,"minecraft:iron_ore":56,"minecraft:fire":1,"minecraft:andesite":24,"minecraft:deepslate_lapis_ore":10,"minecraft:dark_oak_stairs":4,"minecraft:polished_deepslate":5,"minecraft:potatoes":4,"minecraft:dirt_path":7,"minecraft:deepslate_iron_ore":13,"minecraft:iron_bars":6,"minecraft:quartz_slab":1,"minecraft:stone":479,"minecraft:granite_stairs":2,"minecraft:player_head":1,"minecraft:deepslate_redstone_ore":6,"minecraft:redstone_block":1,"minecraft:polished_granite":1,"minecraft:crafting_table":9,"minecraft:torch":14,"minecraft:calcite":17,"minecraft:polished_andesite_stairs":1,"minecraft:campfire":1,"minecraft:copper_ore":13,"minecraft:tall_grass":1,"minecraft:cobblestone":51,"minecraft:deepslate_gold_ore":6,"minecraft:lapis_ore":6,"minecraft:oak_planks":5,"minecraft:diorite":51,"minecraft:wall_torch":19,"minecraft:dark_oak_slab":1,"minecraft:wheat":12,"minecraft:waxed_oxidized_cut_copper_stairs":1,"minecraft:quartz_pillar":1,"minecraft:black_bed":3,"minecraft:white_wall_banner":1,"minecraft:smooth_stone_slab":1,"minecraft:grass":19,"minecraft:oak_log":13,"minecraft:coal_ore":89,"minecraft:gravel":7,"minecraft:yellow_concrete":1,"minecraft:dripstone_block":1,"minecraft:dirt":22,"minecraft:cracked_stone_bricks":5,"minecraft:stone_bricks":13,"minecraft:polished_andesite":1,"minecraft:netherrack":3,"minecraft:oak_leaves":1,"minecraft:iron_trapdoor":1,"minecraft:deepslate":92,"minecraft:redstone_lamp":1},"minecraft:dropped":{"minecraft:enchanted_book":3,"minecraft:iron_ingot":10,"minecraft:iron_sword":1,"minecraft:wheat_seeds":34,"minecraft:diamond_axe":1,"minecraft:crafting_table":1,"minecraft:iron_helmet":1,"minecraft:cobblestone":63,"minecraft:black_bed":1,"minecraft:granite":5,"minecraft:quartz_pillar":6,"minecraft:polished_andesite":1,"minecraft:torch":4,"minecraft:brown_wool":1,"tombstone:grave_dust":13,"minecraft:iron_pickaxe":4,"minecraft:redstone":4,"minecraft:bone":7,"minecraft:gravel":4,"minecraft:cobbled_deepslate":22,"minecraft:wheat":2,"minecraft:rotten_flesh":30,"minecraft:white_terracotta":5,"minecraft:oak_sign":2,"minecraft:carrot":1,"minecraft:potato":2,"minecraft:diamond_chestplate":1,"minecraft:andesite":7,"minecraft:spider_eye":1,"minecraft:arrow":10,"minecraft:powered_rail":1},"minecraft:crafted":{"minecraft:oak_planks":48,"minecraft:coal":36,"travelersbackpack:iron":1,"minecraft:furnace":1,"travelersbackpack:white_sleeping_bag":1,"minecraft:iron_boots":1,"tombstone:grave_key":15,"minecraft:stone_pickaxe":3,"minecraft:chest":4,"minecraft:wheat":90,"minecraft:diamond_axe":1,"minecraft:crafting_table":2,"minecraft:wooden_pickaxe":1,"minecraft:iron_sword":1,"minecraft:bread":33,"minecraft:air":0,"travelersbackpack:redstone":1,"minecraft:iron_chestplate":1,"minecraft:shield":1,"minecraft:stick":64,"minecraft:iron_ingot":95,"minecraft:iron_pickaxe":3,"minecraft:iron_leggings":1,"minecraft:torch":180},"minecraft:custom":{"minecraft:interact_with_smithing_table":1,"minecraft:mob_kills":108,"minecraft:interact_with_crafting_table":53,"minecraft:open_barrel":168,"minecraft:leave_game":8,"minecraft:time_since_death":4162,"minecraft:climb_one_cm":14698,"minecraft:sprint_one_cm":714550,"minecraft:walk_one_cm":763401,"minecraft:damage_blocked_by_shield":3075,"minecraft:drop":69,"minecraft:talked_to_villager":3,"minecraft:play_time":369844,"minecraft:sneak_time":29794,"minecraft:deaths":20,"minecraft:walk_under_water_one_cm":15939,"minecraft:jump":2523,"minecraft:walk_on_water_one_cm":48737,"minecraft:total_world_time":369844,"minecraft:interact_with_furnace":29,"minecraft:tune_noteblock":4,"minecraft:sleep_in_bed":6,"minecraft:time_since_rest":2126,"minecraft:damage_taken":9374,"minecraft:trigger_trapped_chest":72,"minecraft:damage_dealt":21997,"minecraft:swim_one_cm":13700,"minecraft:fly_one_cm":167927,"minecraft:open_chest":153,"minecraft:crouch_one_cm":64585,"tombstone:undead_killed":81,"minecraft:interact_with_smoker":1,"minecraft:fall_one_cm":41632}},"DataVersion":3465}