{"stats":{"minecraft:broken":{"minecraft:stone_pickaxe":1},"minecraft:killed":{"minecraft:sheep":8,"minecraft:zombie":1},"minecraft:custom":{"minecraft:interact_with_furnace":2,"minecraft:mob_kills":9,"minecraft:interact_with_crafting_table":8,"minecraft:leave_game":6,"minecraft:time_since_death":25258,"minecraft:sleep_in_bed":2,"minecraft:time_since_rest":24026,"minecraft:sprint_one_cm":100264,"minecraft:damage_taken":606,"minecraft:walk_one_cm":120655,"minecraft:drop":5,"minecraft:damage_dealt":1006,"minecraft:swim_one_cm":5779,"minecraft:fly_one_cm":50465,"minecraft:open_chest":2,"minecraft:crouch_one_cm":2796,"minecraft:play_time":84140,"tombstone:undead_killed":1,"minecraft:deaths":2,"minecraft:sneak_time":894,"minecraft:walk_under_water_one_cm":2783,"minecraft:jump":674,"minecraft:walk_on_water_one_cm":2490,"minecraft:total_world_time":84140,"minecraft:fall_one_cm":10310},"minecraft:used":{"minecraft:stone_sword":12,"minecraft:stone_pickaxe":232,"minecraft:wooden_pickaxe":18,"minecraft:torch":18,"minecraft:crafting_table":6,"minecraft:carrot":10,"minecraft:black_bed":2,"tombstone:bag_of_seeds":2,"minecraft:oak_log":1,"minecraft:iron_pickaxe":94,"tombstone:grave_key":1,"minecraft:stone_axe":38,"minecraft:cobblestone":8,"minecraft:furnace":1,"tombstone:gift":2,"minecraft:cobbled_deepslate":1},"minecraft:mined":{"minecraft:tuff":12,"armorplus:ore_lava_crystal_stone":5,"minecraft:crafting_table":6,"minecraft:torch":3,"minecraft:granite":5,"minecraft:grass_block":15,"minecraft:cobblestone":1,"minecraft:tall_grass":1,"minecraft:copper_ore":3,"minecraft:diorite":15,"minecraft:wall_torch":5,"minecraft:hay_block":10,"minecraft:furnace":1,"minecraft:carrots":6,"minecraft:iron_ore":3,"minecraft:wheat":12,"minecraft:andesite":6,"minecraft:black_bed":3,"minecraft:deepslate_lapis_ore":6,"minecraft:grass":16,"minecraft:oak_log":13,"minecraft:potatoes":4,"minecraft:coal_ore":85,"minecraft:dirt_path":2,"minecraft:gravel":1,"minecraft:dirt":10,"minecraft:stone":149,"minecraft:oak_leaves":1,"minecraft:deepslate":37},"minecraft:crafted":{"minecraft:oak_planks":48,"minecraft:crafting_table":1,"minecraft:wooden_pickaxe":1,"minecraft:furnace":1,"minecraft:bread":33,"minecraft:air":0,"tombstone:grave_key":2,"minecraft:stick":20,"minecraft:iron_ingot":3,"minecraft:iron_pickaxe":1,"minecraft:stone_pickaxe":3,"minecraft:torch":12,"minecraft:wheat":90},"minecraft:picked_up":{"minecraft:crafting_table":6,"minecraft:wheat":11,"minecraft:chainmail_boots":1,"minecraft:andesite":6,"minecraft:black_bed":4,"minecraft:brown_wool":1,"minecraft:potato":12,"minecraft:oak_log":13,"minecraft:chainmail_chestplate":1,"minecraft:lapis_lazuli":40,"minecraft:dirt":25,"minecraft:oak_sign":4,"minecraft:wheat_seeds":34,"minecraft:cobbled_deepslate":21,"tombstone:bag_of_seeds":1,"minecraft:iron_pickaxe":1,"minecraft:furnace":1,"minecraft:raw_iron":3,"minecraft:torch":8,"minecraft:gravel":3,"minecraft:diorite":15,"minecraft:carrot":84,"minecraft:trapped_chest":1,"minecraft:stone_sword":1,"minecraft:rotten_flesh":2,"minecraft:stone_axe":1,"minecraft:chainmail_leggings":1,"minecraft:hay_block":10,"minecraft:granite":5,"minecraft:chainmail_helmet":1,"minecraft:baked_potato":32,"minecraft:mutton":14,"minecraft:coal":85,"minecraft:cobblestone":144,"minecraft:white_wool":7,"armorplus:lava_shard":8},"minecraft:dropped":{"minecraft:cobblestone":56,"minecraft:oak_sign":2,"minecraft:andesite":6,"minecraft:iron_pickaxe":1}},"DataVersion":3465}