{"stats":{"minecraft:custom":{"minecraft:interact_with_smithing_table":1,"minecraft:mob_kills":68,"minecraft:interact_with_crafting_table":38,"minecraft:open_barrel":126,"minecraft:leave_game":6,"minecraft:time_since_death":23198,"minecraft:climb_one_cm":13900,"minecraft:sprint_one_cm":458083,"minecraft:walk_one_cm":521946,"minecraft:damage_blocked_by_shield":2370,"minecraft:drop":21,"minecraft:play_time":227760,"minecraft:deaths":7,"minecraft:sneak_time":22729,"minecraft:walk_under_water_one_cm":11899,"minecraft:jump":1538,"minecraft:walk_on_water_one_cm":21553,"minecraft:total_world_time":227760,"minecraft:interact_with_furnace":27,"minecraft:tune_noteblock":3,"minecraft:sleep_in_bed":2,"minecraft:time_since_rest":22453,"minecraft:damage_taken":4583,"minecraft:trigger_trapped_chest":56,"minecraft:damage_dealt":13167,"minecraft:swim_one_cm":11959,"minecraft:fly_one_cm":88935,"minecraft:open_chest":92,"minecraft:crouch_one_cm":48246,"tombstone:undead_killed":48,"minecraft:interact_with_smoker":1,"minecraft:fall_one_cm":27759},"minecraft:used":{"minecraft:stone_sword":88,"minecraft:spruce_planks":11,"minecraft:chest":2,"minecraft:shield":29,"minecraft:white_terracotta":3,"minecraft:iron_sword":178,"minecraft:torch":122,"minecraft:dirt":3,"minecraft:carrot":26,"minecraft:tuff":64,"minecraft:lava_bucket":16,"minecraft:furnace":2,"tombstone:gift":4,"minecraft:trapped_chest":1,"minecraft:cobbled_deepslate":13,"minecraft:stone_pickaxe":239,"minecraft:baked_potato":3,"minecraft:wooden_pickaxe":18,"minecraft:diamond_axe":47,"minecraft:crafting_table":7,"minecraft:black_bed":3,"minecraft:oak_log":1,"tombstone:bag_of_seeds":2,"minecraft:bread":36,"minecraft:iron_pickaxe":299,"tombstone:grave_key":3,"minecraft:stone_axe":38,"minecraft:cobblestone":99,"minecraft:bucket":15},"minecraft:killed":{"minecraft:cave_spider":1,"minecraft:spider":3,"minecraft:skeleton":6,"minecraft:zombie_villager":1,"minecraft:sheep":8,"minecraft:zombie":41},"minecraft:mined":{"minecraft:tuff":33,"iceandfire:silver_ore":2,"minecraft:deepslate_diamond_ore":1,"minecraft:andesite_stairs":1,"minecraft:orange_stained_glass":2,"armorplus:ore_lava_crystal_stone":5,"minecraft:granite":5,"minecraft:grass_block":15,"minecraft:nether_wart":60,"minecraft:spawner":6,"minecraft:hay_block":10,"minecraft:smooth_stone":1,"minecraft:redstone_ore":1,"minecraft:furnace":1,"minecraft:carrots":66,"minecraft:iron_ore":18,"minecraft:andesite":7,"minecraft:deepslate_lapis_ore":10,"minecraft:polished_deepslate":1,"minecraft:potatoes":4,"minecraft:deepslate_iron_ore":11,"minecraft:dirt_path":2,"minecraft:iron_bars":6,"minecraft:stone":152,"minecraft:deepslate_redstone_ore":3,"minecraft:crafting_table":6,"minecraft:torch":11,"minecraft:tall_grass":1,"minecraft:copper_ore":3,"minecraft:cobblestone":29,"minecraft:deepslate_gold_ore":6,"minecraft:diorite":15,"minecraft:wall_torch":8,"minecraft:wheat":12,"minecraft:black_bed":3,"minecraft:smooth_stone_slab":1,"minecraft:grass":16,"minecraft:coal_ore":85,"minecraft:oak_log":13,"minecraft:gravel":2,"minecraft:yellow_concrete":1,"minecraft:dirt":13,"minecraft:stone_bricks":2,"minecraft:oak_leaves":1,"minecraft:iron_trapdoor":1,"minecraft:deepslate":67},"minecraft:dropped":{"minecraft:iron_sword":1,"minecraft:wheat_seeds":34,"minecraft:cobblestone":56,"minecraft:black_bed":1,"minecraft:granite":5,"minecraft:quartz_pillar":3,"minecraft:torch":2,"minecraft:brown_wool":1,"tombstone:grave_dust":3,"minecraft:iron_pickaxe":1,"minecraft:redstone":4,"minecraft:cobbled_deepslate":22,"minecraft:wheat":2,"minecraft:white_terracotta":5,"minecraft:oak_sign":2,"minecraft:andesite":6,"minecraft:spider_eye":1},"minecraft:broken":{"minecraft:stone_pickaxe":1},"minecraft:crafted":{"minecraft:oak_planks":48,"minecraft:coal":36,"minecraft:furnace":1,"minecraft:iron_boots":1,"tombstone:grave_key":3,"minecraft:stone_pickaxe":3,"minecraft:chest":2,"minecraft:wheat":90,"minecraft:diamond_axe":1,"minecraft:crafting_table":1,"minecraft:wooden_pickaxe":1,"minecraft:iron_sword":1,"minecraft:bread":33,"minecraft:air":0,"minecraft:iron_chestplate":1,"minecraft:shield":1,"minecraft:stick":44,"minecraft:iron_ingot":75,"minecraft:iron_pickaxe":2,"minecraft:iron_leggings":1,"minecraft:torch":108},"minecraft:killed_by":{"minecraft:zombie":2},"minecraft:picked_up":{"minecraft:crafting_table":6,"minecraft:wheat":13,"minecraft:chainmail_boots":1,"minecraft:iron_trapdoor":1,"minecraft:nether_wart":175,"minecraft:polished_deepslate":1,"minecraft:string":1,"minecraft:smooth_stone_slab":1,"minecraft:oak_sign":4,"minecraft:cracked_stone_bricks":1,"minecraft:cobbled_deepslate":49,"minecraft:smooth_stone":1,"minecraft:spruce_planks":32,"minecraft:iron_pickaxe":1,"minecraft:furnace":1,"minecraft:raw_iron":28,"minecraft:torch":21,"minecraft:quartz_pillar":3,"tombstone:grave_dust":3,"minecraft:diorite":15,"minecraft:carrot":289,"minecraft:redstone":18,"minecraft:green_terracotta":2,"minecraft:tnt":76,"minecraft:rotten_flesh":41,"minecraft:stone_sword":1,"minecraft:arrow":10,"minecraft:hay_block":10,"minecraft:white_terracotta":8,"minecraft:mutton":14,"minecraft:rail":3,"minecraft:iron_bars":6,"minecraft:cobblestone":174,"minecraft:white_wool":7,"minecraft:andesite":13,"minecraft:black_bed":5,"minecraft:brown_wool":1,"minecraft:potato":12,"minecraft:tuff":68,"minecraft:oak_log":13,"minecraft:chainmail_chestplate":1,"minecraft:gunpowder":1,"minecraft:lapis_lazuli":79,"minecraft:dirt":28,"minecraft:bone":10,"minecraft:stone_bricks":2,"minecraft:bow":1,"minecraft:wheat_seeds":34,"minecraft:raw_gold":6,"minecraft:iron_ingot":1,"tombstone:bag_of_seeds":1,"minecraft:oak_planks":1,"minecraft:yellow_concrete":1,"minecraft:gravel":4,"minecraft:trapped_chest":1,"minecraft:spider_eye":1,"minecraft:diamond":1,"minecraft:stone_axe":1,"minecraft:chainmail_leggings":1,"minecraft:granite":5,"minecraft:chainmail_helmet":1,"minecraft:baked_potato":32,"tombstone:magic_scroll":1,"minecraft:coal":85,"iceandfire:raw_silver":2,"armorplus:lava_shard":8}},"DataVersion":3465}