{"stats":{"minecraft:killed":{"minecraft:cave_spider":1,"minecraft:spider":5,"minecraft:skeleton":18,"minecraft:pig":2,"minecraft:zombie_villager":1,"minecraft:creeper":1,"minecraft:sheep":8,"minecraft:zombie":100,"minecraft:glow_squid":1,"minecraft:cow":2},"minecraft:killed_by":{"minecraft:zombie":8},"minecraft:used":{"minecraft:chest":4,"minecraft:white_terracotta":3,"minecraft:shield":34,"minecraft:iron_sword":355,"minecraft:carrot":107,"travelersbackpack:iron":19,"minecraft:tuff":64,"minecraft:lava_bucket":51,"minecraft:written_book":2,"minecraft:furnace":2,"travelersbackpack:redstone":18,"minecraft:stone_pickaxe":321,"minecraft:oak_planks":79,"minecraft:wooden_pickaxe":18,"minecraft:diamond_axe":204,"minecraft:black_bed":4,"minecraft:bread":60,"tombstone:grave_key":14,"minecraft:andesite":1,"minecraft:smooth_stone_slab":2,"minecraft:oak_fence":1,"minecraft:iron_bars":1,"minecraft:stone_sword":88,"minecraft:spruce_planks":43,"simpletomb:grave_key":20,"minecraft:torch":209,"minecraft:dirt":80,"minecraft:granite":35,"travelersbackpack:cactus":20,"minecraft:iron_trapdoor":1,"tombstone:gift":5,"minecraft:trapped_chest":2,"minecraft:cobbled_deepslate":13,"minecraft:polished_andesite":1,"minecraft:baked_potato":10,"minecraft:cherry_planks":1,"minecraft:crafting_table":16,"minecraft:white_bed":2,"minecraft:oak_log":1,"tombstone:bag_of_seeds":2,"minecraft:diamond_pickaxe":20,"minecraft:iron_pickaxe":940,"travelersbackpack:white_sleeping_bag":3,"minecraft:stone_axe":41,"travelersbackpack:standard":2,"minecraft:cobblestone":402,"minecraft:potion":1,"minecraft:bucket":50},"minecraft:broken":{"minecraft:iron_boots":1,"minecraft:stone_pickaxe":1,"minecraft:shield":1,"minecraft:iron_pickaxe":2,"minecraft:iron_helmet":1},"minecraft:picked_up":{"minecraft:iron_chestplate":1,"minecraft:wheat":13,"minecraft:redstone_block":1,"minecraft:chainmail_boots":1,"minecraft:iron_trapdoor":1,"minecraft:potion":5,"minecraft:wither_rose":2,"minecraft:enchanted_book":3,"tombstone:grave_key":1,"minecraft:polished_deepslate_wall":6,"minecraft:polished_deepslate":5,"minecraft:string":17,"minecraft:raw_copper":32,"minecraft:smooth_stone_slab":3,"minecraft:red_nether_bricks":8,"minecraft:oak_sign":5,"minecraft:cobbled_deepslate":86,"minecraft:smooth_stone":16,"minecraft:spruce_planks":64,"minecraft:written_book":1,"minecraft:calcite":33,"minecraft:iron_pickaxe":4,"minecraft:coal_block":2,"minecraft:furnace":2,"minecraft:iron_boots":1,"minecraft:oak_fence":2,"minecraft:torch":102,"minecraft:porkchop":4,"tombstone:grave_dust":17,"minecraft:diorite":51,"minecraft:green_terracotta":2,"travelersbackpack:iron":1,"minecraft:stone_sword":1,"minecraft:rotten_flesh":131,"minecraft:white_terracotta":8,"minecraft:iron_bars":9,"minecraft:cobblestone":541,"minecraft:pink_petals":40,"minecraft:cherry_planks":81,"minecraft:andesite":28,"minecraft:black_bed":6,"minecraft:brown_wool":1,"minecraft:potato":14,"minecraft:flint":28,"minecraft:tuff":68,"minecraft:lapis_lazuli":125,"minecraft:dirt":94,"minecraft:bone":26,"minecraft:bow":1,"minecraft:wheat_seeds":36,"minecraft:raw_gold":8,"minecraft:powered_rail":1,"minecraft:oak_planks":67,"minecraft:mossy_cobblestone":1,"minecraft:trapped_chest":2,"minecraft:barrel":4,"travelersbackpack:white_sleeping_bag":2,"minecraft:polished_andesite":1,"minecraft:diamond":5,"minecraft:black_concrete":1,"minecraft:granite":40,"minecraft:golden_apple":2,"minecraft:emerald":1,"minecraft:chainmail_helmet":1,"iceandfire:raw_silver":15,"armorplus:lava_shard":25,"minecraft:charcoal":2,"minecraft:crafting_table":13,"minecraft:coarse_dirt":2,"minecraft:azure_bluet":1,"minecraft:nether_wart":175,"minecraft:ladder":2,"minecraft:flint_and_steel":2,"minecraft:cyan_carpet":6,"minecraft:cracked_stone_bricks":2,"iceandfire:graveyard_soil":1,"travelersbackpack:redstone":3,"minecraft:beef":2,"minecraft:player_head":2,"minecraft:raw_iron":83,"travelersbackpack:cactus":2,"minecraft:spruce_fence":2,"minecraft:quartz_pillar":6,"minecraft:carrot":295,"minecraft:redstone":46,"minecraft:dark_oak_planks":13,"minecraft:tnt":76,"minecraft:arrow":25,"minecraft:diamond_chestplate":1,"minecraft:hay_block":18,"minecraft:mutton":14,"minecraft:white_wool":7,"minecraft:skeleton_skull":2,"minecraft:rail":4,"minecraft:glow_ink_sac":1,"minecraft:leather":1,"minecraft:oak_log":14,"minecraft:chainmail_chestplate":1,"minecraft:gunpowder":1,"minecraft:white_banner":1,"tombstone:gift":2,"minecraft:stone_bricks":14,"minecraft:iron_ingot":1,"tombstone:bag_of_seeds":3,"minecraft:iron_sword":1,"minecraft:dark_oak_stairs":1,"minecraft:polished_andesite_stairs":1,"minecraft:dark_oak_slab":1,"minecraft:yellow_concrete":1,"minecraft:stone_brick_slab":1,"minecraft:dripstone_block":4,"minecraft:lava_bucket":1,"minecraft:gravel":21,"minecraft:white_bed":2,"minecraft:spider_eye":1,"minecraft:stone_axe":1,"minecraft:chainmail_leggings":1,"minecraft:iron_helmet":2,"minecraft:diamond_axe":3,"minecraft:baked_potato":32,"tombstone:magic_scroll":3,"minecraft:coal":97},"minecraft:mined":{"minecraft:dark_oak_planks":9,"minecraft:spruce_planks":14,"minecraft:white_bed":1,"iceandfire:graveyard_soil":1,"minecraft:andesite_stairs":1,"minecraft:red_nether_bricks":4,"minecraft:orange_stained_glass":2,"armorplus:ore_lava_crystal_stone":15,"minecraft:granite":43,"minecraft:grass_block":45,"minecraft:coal_block":1,"minecraft:polished_diorite":1,"minecraft:nether_wart":60,"minecraft:spawner":18,"minecraft:smooth_stone":7,"travelersbackpack:cactus":1,"minecraft:dark_oak_trapdoor":2,"minecraft:iron_ore":70,"minecraft:fire":1,"minecraft:deepslate_lapis_ore":10,"minecraft:dark_oak_stairs":4,"minecraft:dirt_path":8,"minecraft:quartz_slab":1,"minecraft:iron_bars":8,"armorplus:ore_lava_crystal_obsidian":1,"minecraft:granite_stairs":2,"minecraft:player_head":1,"minecraft:deepslate_redstone_ore":6,"minecraft:torch":14,"minecraft:calcite":25,"minecraft:polished_andesite_stairs":1,"minecraft:cobblestone":61,"minecraft:oak_planks":13,"minecraft:wall_torch":19,"minecraft:pink_petals":3,"minecraft:skeleton_skull":1,"minecraft:dark_oak_slab":1,"minecraft:wheat":12,"minecraft:waxed_oxidized_cut_copper_stairs":1,"minecraft:black_bed":4,"minecraft:wither_rose":1,"minecraft:smooth_stone_slab":2,"minecraft:grass":24,"minecraft:oak_log":13,"minecraft:dirt":46,"minecraft:netherrack":3,"minecraft:polished_deepslate_wall":3,"minecraft:oak_leaves":6,"minecraft:deepslate":101,"minecraft:redstone_lamp":1,"minecraft:tuff":34,"iceandfire:silver_ore":15,"minecraft:mossy_cobblestone":2,"minecraft:deepslate_diamond_ore":1,"minecraft:ladder":1,"minecraft:spruce_fence":1,"minecraft:white_stained_glass":2,"minecraft:redstone_wire":1,"travelersbackpack:white_sleeping_bag":2,"minecraft:hay_block":18,"minecraft:redstone_ore":4,"minecraft:waxed_oxidized_cut_copper":6,"minecraft:furnace":1,"minecraft:carrots":66,"minecraft:andesite":24,"minecraft:polished_deepslate":5,"minecraft:potatoes":4,"minecraft:deepslate_iron_ore":14,"minecraft:stone":491,"minecraft:redstone_block":1,"minecraft:cherry_planks":1,"minecraft:stone_brick_slab":1,"minecraft:polished_granite":1,"minecraft:crafting_table":13,"minecraft:emerald_ore":1,"minecraft:campfire":1,"minecraft:tall_grass":1,"minecraft:copper_ore":13,"minecraft:lapis_ore":7,"minecraft:deepslate_gold_ore":6,"minecraft:diorite":51,"minecraft:quartz_pillar":1,"minecraft:white_wall_banner":1,"minecraft:coal_ore":89,"travelersbackpack:redstone":3,"minecraft:dripstone_block":1,"minecraft:gravel":7,"minecraft:cyan_carpet":2,"minecraft:yellow_concrete":1,"minecraft:cracked_stone_bricks":5,"minecraft:polished_andesite":1,"minecraft:stone_bricks":13,"minecraft:gold_ore":2,"minecraft:iron_trapdoor":1},"minecraft:dropped":{"minecraft:iron_sword":3,"minecraft:dark_oak_stairs":1,"minecraft:diamond_axe":3,"minecraft:glass_bottle":1,"minecraft:diamond":3,"minecraft:crafting_table":1,"minecraft:dark_oak_slab":1,"minecraft:black_bed":1,"minecraft:quartz_pillar":6,"iceandfire:graveyard_soil":2,"minecraft:dirt":24,"tombstone:bag_of_seeds":2,"minecraft:bone_meal":15,"minecraft:iron_pickaxe":4,"minecraft:dark_oak_planks":13,"minecraft:white_wool":4,"minecraft:cyan_carpet":6,"minecraft:bone":9,"minecraft:gravel":4,"minecraft:stone_axe":1,"minecraft:cobbled_deepslate":22,"minecraft:wheat":2,"tombstone:gift":2,"minecraft:rotten_flesh":47,"travelersbackpack:cactus":1,"minecraft:azure_bluet":1,"minecraft:carrot":1,"travelersbackpack:iron":1,"minecraft:skeleton_skull":2,"minecraft:charcoal":2,"minecraft:ladder":1,"minecraft:red_nether_bricks":8,"minecraft:iron_bars":1,"minecraft:arrow":17,"minecraft:powered_rail":1,"minecraft:written_book":2,"minecraft:netherrack":1,"minecraft:enchanted_book":3,"minecraft:iron_ingot":74,"minecraft:wheat_seeds":35,"minecraft:mossy_cobblestone":1,"minecraft:iron_helmet":3,"minecraft:cobblestone":100,"minecraft:granite":5,"minecraft:golden_apple":1,"minecraft:coal_block":1,"minecraft:polished_andesite":1,"minecraft:diorite":2,"minecraft:torch":53,"tombstone:grave_key":2,"minecraft:brown_wool":1,"tombstone:grave_dust":14,"minecraft:potion":6,"minecraft:iron_leggings":1,"minecraft:wither_rose":2,"minecraft:white_banner":1,"minecraft:string":4,"minecraft:pink_petals":61,"minecraft:polished_deepslate_wall":6,"minecraft:polished_deepslate":2,"minecraft:redstone":4,"minecraft:player_head":2,"minecraft:coarse_dirt":4,"minecraft:iron_boots":1,"minecraft:white_terracotta":5,"minecraft:spruce_fence":2,"minecraft:oak_sign":3,"minecraft:flint_and_steel":1,"minecraft:potato":2,"minecraft:diamond_chestplate":1,"minecraft:spruce_planks":9,"minecraft:andesite":7,"minecraft:quartz_stairs":1,"minecraft:spider_eye":1,"minecraft:barrel":2,"minecraft:stone_pickaxe":1,"minecraft:calcite":33},"minecraft:crafted":{"minecraft:oak_planks":52,"travelersbackpack:iron":1,"minecraft:iron_boots":2,"tombstone:grave_key":17,"minecraft:chest":4,"minecraft:diamond_axe":1,"minecraft:crafting_table":5,"minecraft:wooden_pickaxe":1,"minecraft:iron_helmet":1,"minecraft:iron_chestplate":1,"minecraft:diamond_pickaxe":1,"minecraft:shield":2,"minecraft:stick":84,"minecraft:iron_ingot":95,"minecraft:iron_pickaxe":4,"minecraft:coal":36,"minecraft:furnace":1,"minecraft:bone_meal":15,"armorplus:lava_crystal":2,"travelersbackpack:white_sleeping_bag":1,"minecraft:stone_pickaxe":3,"minecraft:wheat":162,"minecraft:iron_sword":1,"minecraft:bread":57,"minecraft:air":0,"travelersbackpack:redstone":1,"minecraft:iron_leggings":1,"minecraft:torch":228},"minecraft:custom":{"minecraft:interact_with_crafting_table":77,"minecraft:open_barrel":213,"minecraft:leave_game":12,"minecraft:time_since_death":5250,"minecraft:damage_resisted":74,"minecraft:sprint_one_cm":1068090,"minecraft:damage_blocked_by_shield":3075,"minecraft:drop":177,"minecraft:talked_to_villager":3,"minecraft:play_time":544734,"minecraft:deaths":45,"minecraft:jump":4128,"minecraft:walk_on_water_one_cm":75217,"minecraft:interact_with_furnace":29,"minecraft:interact_with_loom":1,"minecraft:sleep_in_bed":14,"minecraft:damage_dealt":28219,"minecraft:crouch_one_cm":105377,"tombstone:undead_killed":119,"minecraft:interact_with_smoker":1,"minecraft:interact_with_smithing_table":1,"minecraft:mob_kills":149,"minecraft:climb_one_cm":33012,"minecraft:walk_one_cm":1134981,"minecraft:sneak_time":48118,"minecraft:walk_under_water_one_cm":25434,"minecraft:interact_with_lectern":1,"minecraft:interact_with_blast_furnace":3,"minecraft:total_world_time":544734,"minecraft:tune_noteblock":5,"minecraft:time_since_rest":3267,"minecraft:damage_taken":18444,"minecraft:trigger_trapped_chest":79,"minecraft:swim_one_cm":20931,"minecraft:fly_one_cm":302245,"minecraft:open_chest":173,"minecraft:fall_one_cm":75186}},"DataVersion":3465}