{"stats":{"minecraft:killed":{"minecraft:zombie_villager":1,"minecraft:spider":1,"minecraft:sheep":8,"minecraft:zombie":17},"minecraft:dropped":{"minecraft:wheat_seeds":34,"minecraft:cobbled_deepslate":20,"minecraft:wheat":2,"minecraft:cobblestone":56,"minecraft:black_bed":1,"minecraft:granite":5,"minecraft:oak_sign":2,"minecraft:andesite":6,"minecraft:brown_wool":1,"tombstone:grave_dust":1,"minecraft:iron_pickaxe":1},"minecraft:custom":{"minecraft:interact_with_furnace":15,"minecraft:mob_kills":33,"minecraft:interact_with_crafting_table":23,"minecraft:leave_game":6,"minecraft:time_since_death":5314,"minecraft:sleep_in_bed":2,"minecraft:time_since_rest":4949,"minecraft:sprint_one_cm":129050,"minecraft:damage_taken":1963,"minecraft:walk_one_cm":192345,"minecraft:trigger_trapped_chest":21,"minecraft:drop":12,"minecraft:damage_dealt":4881,"minecraft:swim_one_cm":5779,"minecraft:fly_one_cm":61344,"minecraft:open_chest":2,"minecraft:play_time":126373,"minecraft:crouch_one_cm":24729,"minecraft:sneak_time":13782,"tombstone:undead_killed":18,"minecraft:deaths":4,"minecraft:walk_under_water_one_cm":2783,"minecraft:jump":921,"minecraft:walk_on_water_one_cm":2490,"minecraft:total_world_time":126373,"minecraft:fall_one_cm":15016},"minecraft:used":{"minecraft:stone_sword":87,"minecraft:stone_pickaxe":239,"minecraft:wooden_pickaxe":18,"minecraft:iron_sword":29,"minecraft:torch":52,"minecraft:dirt":3,"minecraft:crafting_table":7,"minecraft:carrot":26,"minecraft:black_bed":3,"tombstone:bag_of_seeds":2,"minecraft:oak_log":1,"minecraft:bread":4,"minecraft:iron_pickaxe":156,"tombstone:grave_key":1,"minecraft:stone_axe":38,"minecraft:cobblestone":52,"minecraft:furnace":2,"tombstone:gift":4,"minecraft:trapped_chest":1,"minecraft:cobbled_deepslate":1},"minecraft:killed_by":{"minecraft:zombie":1},"minecraft:mined":{"minecraft:deepslate_redstone_ore":2,"minecraft:tuff":12,"minecraft:deepslate_diamond_ore":1,"armorplus:ore_lava_crystal_stone":5,"minecraft:crafting_table":6,"minecraft:torch":5,"minecraft:granite":5,"minecraft:grass_block":15,"minecraft:copper_ore":3,"minecraft:tall_grass":1,"minecraft:cobblestone":23,"minecraft:deepslate_gold_ore":5,"minecraft:diorite":15,"minecraft:wall_torch":8,"minecraft:hay_block":10,"minecraft:smooth_stone":1,"minecraft:furnace":1,"minecraft:carrots":6,"minecraft:iron_ore":11,"minecraft:wheat":12,"minecraft:andesite":6,"minecraft:black_bed":3,"minecraft:deepslate_lapis_ore":10,"minecraft:grass":16,"minecraft:potatoes":4,"minecraft:oak_log":13,"minecraft:coal_ore":85,"minecraft:deepslate_iron_ore":11,"minecraft:dirt_path":2,"minecraft:gravel":1,"minecraft:dirt":13,"minecraft:stone":150,"minecraft:oak_leaves":1,"minecraft:deepslate":49},"minecraft:crafted":{"minecraft:oak_planks":48,"minecraft:crafting_table":1,"minecraft:wooden_pickaxe":1,"minecraft:iron_sword":1,"minecraft:furnace":1,"minecraft:bread":33,"minecraft:air":0,"minecraft:shield":1,"tombstone:grave_key":2,"minecraft:stick":32,"minecraft:iron_ingot":9,"minecraft:iron_pickaxe":1,"minecraft:stone_pickaxe":3,"minecraft:torch":72,"minecraft:wheat":90},"minecraft:broken":{"minecraft:stone_pickaxe":1},"minecraft:picked_up":{"minecraft:crafting_table":6,"minecraft:wheat":13,"minecraft:chainmail_boots":1,"minecraft:andesite":12,"minecraft:brown_wool":1,"minecraft:black_bed":5,"minecraft:potato":12,"minecraft:oak_log":13,"minecraft:chainmail_chestplate":1,"minecraft:lapis_lazuli":73,"minecraft:dirt":28,"minecraft:string":1,"minecraft:oak_sign":4,"minecraft:wheat_seeds":34,"minecraft:cobbled_deepslate":31,"minecraft:smooth_stone":1,"minecraft:raw_gold":5,"tombstone:bag_of_seeds":1,"minecraft:iron_pickaxe":1,"minecraft:furnace":1,"minecraft:raw_iron":21,"minecraft:torch":13,"minecraft:gravel":3,"tombstone:grave_dust":1,"minecraft:diorite":15,"minecraft:redstone":9,"minecraft:carrot":84,"minecraft:trapped_chest":1,"minecraft:spider_eye":1,"minecraft:stone_sword":1,"minecraft:arrow":2,"minecraft:rotten_flesh":24,"minecraft:diamond":1,"minecraft:stone_axe":1,"minecraft:chainmail_leggings":1,"minecraft:hay_block":10,"minecraft:granite":5,"minecraft:chainmail_helmet":1,"minecraft:baked_potato":32,"minecraft:mutton":14,"minecraft:coal":85,"minecraft:white_wool":7,"minecraft:cobblestone":164,"armorplus:lava_shard":8}},"DataVersion":3465}