{"stats":{"minecraft:custom":{"minecraft:interact_with_furnace":6,"minecraft:mob_kills":18,"minecraft:interact_with_crafting_table":7,"minecraft:leave_game":8,"minecraft:time_since_death":495,"minecraft:sleep_in_bed":8,"minecraft:time_since_rest":1,"minecraft:sprint_one_cm":70033,"minecraft:damage_taken":1515,"minecraft:walk_one_cm":69995,"minecraft:damage_blocked_by_shield":135,"minecraft:trigger_trapped_chest":18,"minecraft:drop":8,"minecraft:damage_dealt":1983,"minecraft:fly_one_cm":145296,"tombstone:undead_killed":2,"minecraft:crouch_one_cm":7990,"minecraft:play_time":99908,"minecraft:deaths":3,"minecraft:sneak_time":3118,"minecraft:walk_under_water_one_cm":3073,"minecraft:jump":788,"minecraft:walk_on_water_one_cm":2396,"minecraft:total_world_time":99908,"minecraft:fall_one_cm":34999},"minecraft:used":{"minecraft:water_bucket":2,"minecraft:stone_sword":6,"minecraft:stone_pickaxe":79,"minecraft:baked_potato":16,"minecraft:oak_sign":8,"minecraft:shield":3,"minecraft:wooden_pickaxe":7,"simpletomb:grave_key":1,"minecraft:dirt":7,"minecraft:crafting_table":3,"minecraft:black_bed":6,"securitycraft:reinforced_diamond_block":1,"minecraft:oxeye_daisy":1,"easy_npc:iron_golem_spawn_egg":1,"minecraft:grass_block":38,"minecraft:iron_pickaxe":26,"minecraft:jungle_log":2,"securitycraft:reinforced_emerald_block":1,"minecraft:stone_axe":70,"minecraft:furnace":1,"tombstone:gift":2,"minecraft:trapped_chest":10,"minecraft:dandelion":1},"minecraft:killed":{"minecraft:pig":11,"minecraft:spider":1,"minecraft:skeleton":1,"minecraft:zombie":1,"minecraft:cow":4},"minecraft:mined":{"minecraft:crafting_table":3,"minecraft:granite":3,"minecraft:grass_block":6,"minecraft:tall_grass":2,"minecraft:lapis_ore":3,"minecraft:diorite":1,"minecraft:hay_block":21,"minecraft:trapped_chest":3,"minecraft:furnace":1,"minecraft:carrots":4,"minecraft:iron_ore":24,"minecraft:wheat":3,"minecraft:andesite":1,"minecraft:black_bed":4,"minecraft:grass":5,"minecraft:oak_log":32,"minecraft:potatoes":1,"minecraft:pointed_dripstone":5,"minecraft:coal_ore":28,"minecraft:dirt":2,"minecraft:dripstone_block":17,"minecraft:stone":24,"minecraft:gold_ore":4},"minecraft:dropped":{"minecraft:wheat_seeds":5,"minecraft:granite":3,"minecraft:potato":1,"minecraft:oak_sapling":1,"minecraft:wooden_pickaxe":1,"minecraft:string":1,"minecraft:dandelion":1},"minecraft:crafted":{"minecraft:oak_planks":28,"minecraft:crafting_table":1,"minecraft:wooden_pickaxe":1,"minecraft:furnace":1,"minecraft:bread":60,"minecraft:air":0,"minecraft:shield":1,"minecraft:stick":8,"minecraft:iron_ingot":14,"minecraft:iron_pickaxe":1,"minecraft:stone_pickaxe":1,"minecraft:wheat":180},"minecraft:picked_up":{"minecraft:crafting_table":3,"minecraft:chainmail_boots":2,"minecraft:andesite":3,"minecraft:black_bed":6,"minecraft:leather":3,"minecraft:potato":1,"minecraft:oak_log":32,"minecraft:chainmail_chestplate":2,"minecraft:lapis_lazuli":19,"minecraft:dirt":8,"minecraft:string":1,"tombstone:gift":1,"minecraft:bone":3,"minecraft:oak_sign":3,"minecraft:wheat_seeds":7,"minecraft:raw_gold":4,"minecraft:iron_ingot":1,"minecraft:beef":9,"minecraft:furnace":1,"minecraft:stick":1,"minecraft:raw_iron":30,"minecraft:dandelion":2,"minecraft:dripstone_block":29,"minecraft:porkchop":22,"tombstone:grave_dust":1,"minecraft:pointed_dripstone":24,"minecraft:diorite":1,"minecraft:carrot":139,"minecraft:trapped_chest":2,"minecraft:stone_sword":2,"minecraft:arrow":2,"minecraft:rotten_flesh":1,"minecraft:stone_axe":2,"minecraft:chainmail_leggings":2,"minecraft:hay_block":20,"minecraft:granite":3,"minecraft:chainmail_helmet":1,"minecraft:baked_potato":54,"minecraft:oak_sapling":1,"minecraft:coal":53,"minecraft:cobblestone":27,"minecraft:oxeye_daisy":1}},"DataVersion":3465}