{"stats":{"minecraft:killed":{"minecraft:witch":1,"minecraft:spider":7,"minecraft:skeleton":24,"minecraft:silverfish":4,"artifacts:mimic":2,"minecraft:pig":11,"minecraft:zombie":27,"minecraft:glow_squid":1,"minecraft:cow":8,"minecraft:husk":1,"iceandfire:troll":1},"minecraft:used":{"minecraft:oak_sign":8,"minecraft:chest":3,"minecraft:shield":33,"armorplus:obsidian_boots":1,"minecraft:tuff":121,"minecraft:lava_bucket":33,"minecraft:grass_block":38,"minecraft:raw_gold_block":2,"minecraft:furnace":2,"minecraft:gray_bed":1,"iceandfire:troll_weapon_hammer":1,"minecraft:stone_pickaxe":92,"minecraft:oak_planks":93,"minecraft:wooden_pickaxe":7,"minecraft:diamond_axe":267,"minecraft:glow_berries":3,"minecraft:dripstone_block":4,"minecraft:black_bed":7,"minecraft:lightning_rod":1,"easy_npc:iron_golem_spawn_egg":1,"minecraft:bread":26,"securitycraft:reinforced_emerald_block":1,"tombstone:grave_key":12,"iceandfire:pixie_house_mushroom_red":1,"minecraft:iron_bars":4,"minecraft:stone_sword":28,"minecraft:red_concrete":1,"simpletomb:grave_key":2,"minecraft:torch":1,"minecraft:dirt":7,"armorplus:obsidian_helmet":1,"minecraft:granite":2,"minecraft:polished_diorite":4,"minecraft:jungle_log":2,"travelersbackpack:cactus":8,"minecraft:iron_boots":1,"tombstone:gift":6,"minecraft:trapped_chest":11,"minecraft:cobbled_deepslate":84,"minecraft:water_bucket":18,"tombstone:scroll_of_reach":1,"minecraft:cyan_candle":3,"minecraft:baked_potato":93,"minecraft:crafting_table":7,"securitycraft:reinforced_diamond_block":1,"minecraft:diamond_pickaxe":946,"minecraft:oxeye_daisy":1,"minecraft:iron_pickaxe":351,"minecraft:stone_axe":94,"minecraft:potion":1,"minecraft:cobblestone":137,"travelersbackpack:standard":7,"minecraft:cooked_porkchop":15,"minecraft:bucket":48,"minecraft:dandelion":1,"minecraft:chainmail_leggings":1},"minecraft:broken":{"minecraft:iron_boots":1,"minecraft:stone_axe":1,"minecraft:iron_helmet":1},"minecraft:mined":{"minecraft:spruce_planks":4,"minecraft:sculk_vein":3,"armorplus:ore_lava_crystal_stone":10,"minecraft:obsidian":47,"minecraft:granite":35,"minecraft:budding_amethyst":1,"minecraft:grass_block":7,"minecraft:polished_diorite":5,"minecraft:spawner":39,"minecraft:sculk_catalyst":2,"minecraft:iron_ore":95,"minecraft:cobbled_deepslate":9,"minecraft:fire":3,"minecraft:deepslate_lapis_ore":27,"minecraft:sculk_shrieker":1,"minecraft:pointed_dripstone":6,"minecraft:iron_bars":5,"armorplus:ore_lava_crystal_obsidian":13,"minecraft:player_head":1,"minecraft:deepslate_redstone_ore":39,"minecraft:calcite":3,"minecraft:chest":2,"minecraft:polished_diorite_slab":9,"minecraft:cobblestone":11,"minecraft:sugar_cane":6,"minecraft:oak_planks":2,"minecraft:smooth_sandstone_slab":4,"twilightforest:mangrove_chest":1,"minecraft:amethyst_block":5,"minecraft:white_terracotta":29,"minecraft:wheat":3,"minecraft:tnt":158,"minecraft:black_bed":4,"minecraft:stone_brick_stairs":1,"minecraft:grass":9,"minecraft:oak_log":32,"minecraft:dirt":7,"minecraft:cyan_candle":1,"minecraft:deepslate":117,"minecraft:redstone_lamp":1,"minecraft:diamond_ore":2,"minecraft:crying_obsidian":1,"minecraft:tuff":190,"iceandfire:silver_ore":8,"minecraft:mossy_cobblestone":2,"minecraft:deepslate_diamond_ore":4,"iceandfire:pixie_house_birch":1,"armorplus:ore_lava_crystal":2,"iceandfire:deepslate_silver_ore":3,"minecraft:hay_block":21,"minecraft:redstone_ore":19,"minecraft:furnace":2,"minecraft:carrots":4,"minecraft:raw_gold_block":2,"minecraft:andesite":38,"minecraft:black_concrete":2,"minecraft:gold_block":2,"minecraft:polished_deepslate":3,"minecraft:potatoes":1,"minecraft:deepslate_iron_ore":54,"minecraft:stone":157,"minecraft:redstone_block":1,"minecraft:red_banner":1,"travelersbackpack:standard":2,"minecraft:crafting_table":4,"minecraft:rose_bush":1,"minecraft:sculk_sensor":4,"minecraft:lightning_rod":1,"minecraft:tall_grass":2,"minecraft:copper_ore":1,"minecraft:deepslate_coal_ore":5,"minecraft:lapis_ore":21,"minecraft:deepslate_gold_ore":25,"minecraft:red_concrete":1,"minecraft:sculk":9,"minecraft:diorite":1,"minecraft:red_terracotta":6,"minecraft:trapped_chest":4,"minecraft:black_wall_banner":1,"minecraft:birch_leaves":1,"iceandfire:pixie_house_mushroom_red":1,"minecraft:quartz_pillar":6,"minecraft:coal_ore":75,"minecraft:gravel":1,"minecraft:dripstone_block":21,"minecraft:cracked_stone_bricks":3,"minecraft:polished_andesite":8,"minecraft:stone_bricks":21,"minecraft:orange_wall_banner":1,"minecraft:gold_ore":10,"minecraft:infested_stone":3},"minecraft:picked_up":{"minecraft:iron_chestplate":3,"minecraft:chainmail_boots":3,"minecraft:redstone_block":1,"iceandfire:troll_weapon_hammer":1,"artifacts:bunny_hoppers":1,"minecraft:potion":2,"minecraft:enchanted_book":1,"minecraft:amethyst_block":5,"minecraft:polished_deepslate":4,"minecraft:string":16,"minecraft:raw_copper":24,"minecraft:iron_leggings":2,"minecraft:oak_sign":3,"minecraft:cobbled_deepslate":163,"minecraft:smooth_stone":6,"minecraft:spruce_planks":4,"minecraft:rose_bush":1,"minecraft:calcite":3,"minecraft:iron_pickaxe":1,"minecraft:furnace":2,"minecraft:iron_boots":3,"minecraft:stick":3,"minecraft:torch":1,"minecraft:porkchop":22,"minecraft:lightning_rod":1,"minecraft:pointed_dripstone":32,"tombstone:grave_dust":14,"minecraft:diorite":1,"minecraft:stone_sword":3,"minecraft:rotten_flesh":39,"minecraft:white_terracotta":11,"minecraft:obsidian":47,"minecraft:iron_bars":7,"minecraft:cobblestone":173,"minecraft:andesite":39,"minecraft:black_bed":6,"minecraft:potato":1,"minecraft:flint":7,"minecraft:tuff":203,"minecraft:lapis_lazuli":307,"minecraft:dirt":14,"minecraft:bone":41,"minecraft:bow":1,"minecraft:wheat_seeds":7,"minecraft:raw_gold":39,"twilightforest:mangrove_chest":1,"minecraft:cyan_candle":3,"tombstone:scroll_of_reach":1,"minecraft:powered_rail":1,"minecraft:oak_planks":45,"artifacts:rooted_boots":1,"iceandfire:pixie_house_birch":1,"minecraft:trapped_chest":3,"minecraft:mossy_cobblestone":2,"minecraft:bundle":2,"minecraft:diamond":6,"artifacts:crystal_heart":1,"minecraft:granite":36,"minecraft:golden_apple":1,"minecraft:golden_horse_armor":1,"minecraft:chainmail_helmet":1,"minecraft:oak_sapling":1,"iceandfire:raw_silver":11,"armorplus:lava_shard":71,"minecraft:charcoal":2,"minecraft:crafting_table":4,"minecraft:clay_ball":16,"minecraft:golden_pickaxe":2,"minecraft:gold_block":2,"minecraft:orange_banner":1,"minecraft:item_frame":1,"minecraft:iron_shovel":1,"minecraft:cracked_stone_bricks":2,"minecraft:beef":17,"minecraft:player_head":1,"minecraft:minecart":2,"minecraft:sugar_cane":9,"minecraft:chest":3,"minecraft:piston":1,"minecraft:raw_iron":163,"minecraft:raw_gold_block":2,"minecraft:quartz_pillar":2,"minecraft:carrot":148,"minecraft:redstone":252,"minecraft:smooth_sandstone_slab":6,"minecraft:tnt":81,"minecraft:arrow":37,"minecraft:hay_block":20,"minecraft:black_banner":1,"minecraft:gold_ingot":9,"minecraft:glow_berries":6,"minecraft:rail":3,"minecraft:oxeye_daisy":1,"minecraft:basalt":1,"minecraft:glow_ink_sac":2,"minecraft:leather":6,"iceandfire:troll_leather_mountain":2,"minecraft:oak_log":57,"minecraft:chainmail_chestplate":3,"minecraft:gunpowder":8,"tombstone:gift":3,"iceandfire:pixie_house_mushroom_red":1,"armorplus:lava_crystal":4,"minecraft:stone_bricks":19,"minecraft:iron_ingot":12,"minecraft:glass_bottle":5,"minecraft:gray_bed":2,"minecraft:iron_sword":2,"minecraft:dandelion":2,"minecraft:dripstone_block":44,"minecraft:gravel":2,"minecraft:lava_bucket":1,"minecraft:amethyst_shard":6,"minecraft:red_banner":1,"minecraft:crying_obsidian":1,"minecraft:spider_eye":13,"travelersbackpack:standard":2,"minecraft:diamond_shovel":1,"minecraft:polished_diorite":4,"minecraft:stone_axe":2,"minecraft:chainmail_leggings":5,"minecraft:painting":1,"minecraft:baked_potato":54,"tombstone:magic_scroll":1,"minecraft:red_concrete":1,"minecraft:coal":168},"minecraft:dropped":{"minecraft:iron_sword":1,"minecraft:piston":1,"minecraft:lapis_lazuli":5,"minecraft:oak_log":25,"minecraft:golden_pickaxe":1,"minecraft:leather":7,"minecraft:quartz_pillar":2,"minecraft:item_frame":1,"minecraft:flint":7,"minecraft:amethyst_shard":6,"minecraft:bone":27,"minecraft:gravel":2,"minecraft:stone_axe":1,"minecraft:cobbled_deepslate":5,"minecraft:rotten_flesh":8,"minecraft:oak_planks":43,"iceandfire:troll_leather_mountain":2,"minecraft:chainmail_chestplate":2,"minecraft:gunpowder":2,"minecraft:charcoal":2,"minecraft:chest":2,"minecraft:chainmail_boots":3,"minecraft:painting":1,"minecraft:basalt":1,"minecraft:iron_bars":2,"minecraft:arrow":32,"minecraft:iron_ingot":11,"minecraft:wheat_seeds":5,"minecraft:golden_horse_armor":1,"minecraft:cobblestone":15,"minecraft:amethyst_block":5,"minecraft:granite":11,"minecraft:chainmail_helmet":1,"minecraft:stick":1,"minecraft:diorite":1,"minecraft:gray_bed":1,"minecraft:brown_wool":4,"tombstone:grave_dust":7,"minecraft:iron_leggings":1,"minecraft:smooth_sandstone_slab":2,"minecraft:chainmail_leggings":4,"minecraft:iron_shovel":1,"minecraft:string":16,"minecraft:bucket":1,"minecraft:dandelion":1,"minecraft:polished_deepslate":1,"minecraft:furnace":2,"minecraft:stone_sword":1,"minecraft:raw_copper":22,"minecraft:tuff":64,"minecraft:iron_boots":1,"minecraft:white_terracotta":11,"minecraft:potato":1,"minecraft:shield":1,"minecraft:bundle":1,"minecraft:spruce_planks":32,"minecraft:iron_chestplate":2,"minecraft:andesite":14,"minecraft:oak_sapling":1,"minecraft:spider_eye":5,"minecraft:bow":1,"minecraft:wooden_pickaxe":1},"minecraft:crafted":{"minecraft:oak_planks":128,"minecraft:iron_boots":2,"minecraft:diamond_leggings":1,"tombstone:grave_key":29,"minecraft:chest":2,"minecraft:cooked_porkchop":22,"minecraft:diamond_axe":1,"minecraft:crafting_table":2,"minecraft:wooden_pickaxe":1,"minecraft:iron_chestplate":1,"minecraft:shield":2,"minecraft:stick":12,"minecraft:iron_pickaxe":1,"minecraft:iron_ingot":71,"minecraft:coal":36,"armorplus:compressed_obsidian":4,"minecraft:furnace":1,"armorplus:lava_crystal":1,"minecraft:stone_pickaxe":1,"armorplus:obsidian_boots":1,"minecraft:wheat":180,"minecraft:bread":60,"minecraft:air":0,"armorplus:obsidian_stick":4,"minecraft:iron_leggings":2},"minecraft:custom":{"minecraft:interact_with_crafting_table":23,"minecraft:open_barrel":112,"minecraft:leave_game":42,"minecraft:time_since_death":0,"minecraft:sprint_one_cm":690991,"minecraft:damage_blocked_by_shield":4095,"minecraft:drop":124,"minecraft:play_time":426238,"minecraft:deaths":36,"minecraft:jump":4441,"minecraft:walk_on_water_one_cm":29168,"minecraft:interact_with_furnace":19,"minecraft:sleep_in_bed":14,"minecraft:damage_dealt":16259,"minecraft:crouch_one_cm":85733,"tombstone:undead_killed":52,"minecraft:interact_with_smoker":1,"minecraft:inspect_dispenser":1,"minecraft:mob_kills":88,"minecraft:interact_with_anvil":2,"minecraft:climb_one_cm":39392,"minecraft:walk_one_cm":514315,"minecraft:sneak_time":34839,"minecraft:walk_under_water_one_cm":10681,"minecraft:total_world_time":426238,"tombstone:raider_killed":1,"minecraft:tune_noteblock":8,"minecraft:time_since_rest":602,"minecraft:damage_taken":17035,"minecraft:trigger_trapped_chest":23,"tombstone:cast_on_ally":1,"minecraft:swim_one_cm":12367,"minecraft:fly_one_cm":1206499,"minecraft:open_chest":102,"minecraft:fall_one_cm":256700}},"DataVersion":3465}