{"stats":{"minecraft:custom":{"minecraft:time_since_rest":19796,"minecraft:sprint_one_cm":32914,"minecraft:damage_taken":90,"minecraft:walk_one_cm":21431,"minecraft:trigger_trapped_chest":13,"minecraft:mob_kills":4,"minecraft:drop":1,"minecraft:damage_dealt":400,"minecraft:fly_one_cm":88609,"minecraft:crouch_one_cm":884,"minecraft:play_time":59033,"minecraft:deaths":1,"minecraft:sneak_time":465,"minecraft:jump":346,"minecraft:leave_game":4,"minecraft:walk_on_water_one_cm":1809,"minecraft:time_since_death":45678,"minecraft:sleep_in_bed":4,"minecraft:total_world_time":59033,"minecraft:fall_one_cm":13722},"minecraft:used":{"securitycraft:reinforced_diamond_block":1,"minecraft:water_bucket":2,"easy_npc:iron_golem_spawn_egg":1,"minecraft:grass_block":2,"minecraft:baked_potato":4,"minecraft:oak_sign":5,"minecraft:jungle_log":2,"securitycraft:reinforced_emerald_block":1,"minecraft:stone_axe":6,"minecraft:dirt":7,"minecraft:trapped_chest":6,"minecraft:black_bed":3},"minecraft:killed":{"minecraft:cow":4},"minecraft:dropped":{"minecraft:wheat_seeds":1},"minecraft:mined":{"minecraft:trapped_chest":2,"minecraft:black_bed":2,"minecraft:grass":2,"minecraft:grass_block":5,"minecraft:dirt":2,"minecraft:tall_grass":2},"minecraft:picked_up":{"minecraft:chainmail_boots":1,"minecraft:black_bed":3,"minecraft:leather":3,"minecraft:chainmail_chestplate":1,"minecraft:carrot":64,"minecraft:trapped_chest":1,"minecraft:dirt":7,"minecraft:stone_sword":1,"minecraft:oak_sign":1,"minecraft:stone_axe":1,"minecraft:wheat_seeds":3,"minecraft:chainmail_leggings":1,"minecraft:beef":9,"minecraft:chainmail_helmet":1,"minecraft:baked_potato":32}},"DataVersion":3465}