{"stats":{"minecraft:killed":{"minecraft:witch":1,"minecraft:spider":3,"minecraft:skeleton":13,"minecraft:silverfish":4,"minecraft:pig":11,"iceandfire:troll":1,"minecraft:zombie":23,"minecraft:glow_squid":1,"minecraft:cow":4},"minecraft:used":{"minecraft:stone_sword":28,"minecraft:iron_bars":2,"minecraft:red_concrete":1,"minecraft:oak_sign":8,"minecraft:chest":2,"minecraft:shield":25,"simpletomb:grave_key":2,"minecraft:torch":1,"minecraft:dirt":7,"minecraft:tuff":121,"minecraft:polished_diorite":4,"minecraft:lava_bucket":27,"minecraft:grass_block":38,"minecraft:jungle_log":2,"travelersbackpack:cactus":8,"minecraft:iron_boots":1,"minecraft:furnace":2,"minecraft:gray_bed":1,"tombstone:gift":4,"minecraft:trapped_chest":11,"minecraft:cobbled_deepslate":84,"iceandfire:troll_weapon_hammer":1,"minecraft:water_bucket":8,"minecraft:baked_potato":32,"minecraft:stone_pickaxe":92,"minecraft:oak_planks":93,"minecraft:wooden_pickaxe":7,"minecraft:diamond_axe":138,"minecraft:glow_berries":3,"minecraft:crafting_table":6,"minecraft:black_bed":7,"minecraft:dripstone_block":4,"minecraft:lightning_rod":1,"securitycraft:reinforced_diamond_block":1,"minecraft:diamond_pickaxe":546,"minecraft:oxeye_daisy":1,"easy_npc:iron_golem_spawn_egg":1,"minecraft:bread":26,"minecraft:iron_pickaxe":351,"securitycraft:reinforced_emerald_block":1,"tombstone:grave_key":6,"minecraft:stone_axe":94,"travelersbackpack:standard":2,"minecraft:cobblestone":119,"minecraft:cooked_porkchop":15,"minecraft:bucket":33,"minecraft:dandelion":1,"minecraft:chainmail_leggings":1},"minecraft:broken":{"minecraft:iron_boots":1,"minecraft:stone_axe":1},"minecraft:mined":{"minecraft:tuff":188,"minecraft:spruce_planks":4,"iceandfire:silver_ore":1,"minecraft:mossy_cobblestone":2,"minecraft:deepslate_diamond_ore":4,"minecraft:sculk_vein":3,"armorplus:ore_lava_crystal_stone":2,"minecraft:granite":9,"minecraft:grass_block":6,"armorplus:ore_lava_crystal":1,"iceandfire:deepslate_silver_ore":1,"minecraft:polished_diorite":5,"minecraft:spawner":32,"minecraft:hay_block":21,"minecraft:redstone_ore":8,"minecraft:sculk_catalyst":2,"minecraft:furnace":2,"minecraft:carrots":4,"minecraft:iron_ore":54,"minecraft:fire":1,"minecraft:cobbled_deepslate":9,"minecraft:andesite":26,"minecraft:black_concrete":2,"minecraft:deepslate_lapis_ore":17,"minecraft:sculk_shrieker":1,"minecraft:polished_deepslate":3,"minecraft:potatoes":1,"minecraft:pointed_dripstone":6,"minecraft:deepslate_iron_ore":28,"minecraft:iron_bars":3,"armorplus:ore_lava_crystal_obsidian":7,"minecraft:stone":122,"minecraft:deepslate_redstone_ore":11,"minecraft:redstone_block":1,"minecraft:crafting_table":4,"minecraft:chest":2,"minecraft:sculk_sensor":4,"minecraft:polished_diorite_slab":9,"minecraft:lightning_rod":1,"minecraft:tall_grass":2,"minecraft:cobblestone":7,"minecraft:deepslate_coal_ore":5,"minecraft:deepslate_gold_ore":11,"minecraft:lapis_ore":12,"twilightforest:mangrove_chest":1,"minecraft:red_concrete":1,"minecraft:oak_planks":2,"minecraft:smooth_sandstone_slab":4,"minecraft:sculk":9,"minecraft:diorite":1,"minecraft:white_terracotta":29,"minecraft:trapped_chest":4,"minecraft:wheat":3,"minecraft:black_bed":4,"minecraft:quartz_pillar":6,"minecraft:tnt":158,"minecraft:stone_brick_stairs":1,"minecraft:grass":5,"minecraft:oak_log":32,"minecraft:coal_ore":41,"minecraft:gravel":1,"minecraft:dirt":7,"minecraft:dripstone_block":20,"minecraft:cracked_stone_bricks":3,"minecraft:stone_bricks":4,"minecraft:polished_andesite":3,"minecraft:gold_ore":8,"minecraft:deepslate":104,"minecraft:redstone_lamp":1,"minecraft:infested_stone":3},"minecraft:picked_up":{"minecraft:iron_chestplate":2,"minecraft:crafting_table":4,"minecraft:redstone_block":1,"minecraft:chainmail_boots":3,"iceandfire:troll_weapon_hammer":1,"minecraft:clay_ball":16,"minecraft:golden_pickaxe":1,"artifacts:bunny_hoppers":1,"minecraft:enchanted_book":1,"minecraft:polished_deepslate":4,"minecraft:string":8,"minecraft:raw_copper":7,"minecraft:iron_leggings":2,"minecraft:iron_shovel":1,"minecraft:oak_sign":3,"minecraft:cracked_stone_bricks":2,"minecraft:cobbled_deepslate":136,"minecraft:smooth_stone":6,"minecraft:spruce_planks":4,"minecraft:beef":9,"minecraft:iron_pickaxe":1,"minecraft:minecart":2,"minecraft:chest":2,"minecraft:piston":1,"minecraft:iron_boots":3,"minecraft:furnace":2,"minecraft:stick":3,"minecraft:raw_iron":96,"minecraft:torch":1,"minecraft:porkchop":22,"minecraft:lightning_rod":1,"minecraft:quartz_pillar":2,"minecraft:pointed_dripstone":32,"tombstone:grave_dust":11,"minecraft:diorite":1,"minecraft:carrot":148,"minecraft:redstone":74,"minecraft:smooth_sandstone_slab":6,"minecraft:tnt":81,"minecraft:stone_sword":3,"minecraft:arrow":30,"minecraft:rotten_flesh":35,"minecraft:hay_block":20,"minecraft:white_terracotta":11,"minecraft:glow_berries":6,"minecraft:iron_bars":3,"minecraft:rail":3,"minecraft:cobblestone":135,"minecraft:oxeye_daisy":1,"minecraft:glow_ink_sac":2,"minecraft:andesite":29,"minecraft:black_bed":6,"minecraft:leather":3,"iceandfire:troll_leather_mountain":2,"minecraft:potato":1,"minecraft:tuff":203,"minecraft:oak_log":57,"minecraft:chainmail_chestplate":3,"minecraft:gunpowder":8,"minecraft:lapis_lazuli":189,"minecraft:dirt":13,"tombstone:gift":3,"armorplus:lava_crystal":2,"minecraft:bone":31,"minecraft:stone_bricks":3,"minecraft:bow":1,"minecraft:wheat_seeds":7,"minecraft:raw_gold":19,"minecraft:iron_ingot":12,"twilightforest:mangrove_chest":1,"minecraft:glass_bottle":5,"minecraft:powered_rail":1,"minecraft:gray_bed":1,"minecraft:iron_sword":2,"minecraft:oak_planks":45,"minecraft:dandelion":2,"minecraft:dripstone_block":41,"minecraft:gravel":2,"minecraft:lava_bucket":1,"minecraft:trapped_chest":3,"minecraft:spider_eye":11,"minecraft:mossy_cobblestone":2,"minecraft:bundle":1,"minecraft:diamond_shovel":1,"minecraft:diamond":4,"minecraft:polished_diorite":4,"minecraft:stone_axe":2,"minecraft:chainmail_leggings":5,"minecraft:granite":10,"minecraft:chainmail_helmet":1,"minecraft:baked_potato":54,"tombstone:magic_scroll":1,"minecraft:oak_sapling":1,"minecraft:red_concrete":1,"minecraft:coal":134,"iceandfire:raw_silver":2,"armorplus:lava_shard":36},"minecraft:dropped":{"minecraft:iron_ingot":11,"minecraft:iron_sword":1,"minecraft:piston":1,"minecraft:wheat_seeds":5,"minecraft:lapis_lazuli":5,"minecraft:oak_log":25,"minecraft:cobblestone":3,"minecraft:leather":6,"minecraft:granite":10,"minecraft:quartz_pillar":2,"minecraft:chainmail_helmet":1,"minecraft:stick":1,"minecraft:diorite":1,"tombstone:grave_dust":6,"minecraft:iron_leggings":1,"minecraft:smooth_sandstone_slab":2,"minecraft:iron_shovel":1,"minecraft:chainmail_leggings":4,"minecraft:string":8,"minecraft:dandelion":1,"minecraft:polished_deepslate":1,"minecraft:bone":17,"minecraft:gravel":2,"minecraft:furnace":2,"minecraft:stone_axe":1,"minecraft:tuff":64,"minecraft:rotten_flesh":5,"minecraft:oak_planks":43,"minecraft:iron_boots":1,"minecraft:white_terracotta":11,"iceandfire:troll_leather_mountain":2,"minecraft:chainmail_chestplate":2,"minecraft:potato":1,"minecraft:gunpowder":2,"minecraft:spruce_planks":32,"minecraft:iron_chestplate":1,"minecraft:andesite":12,"minecraft:oak_sapling":1,"minecraft:chainmail_boots":3,"minecraft:spider_eye":4,"minecraft:bow":1,"minecraft:arrow":27,"minecraft:wooden_pickaxe":1},"minecraft:crafted":{"minecraft:oak_planks":128,"minecraft:coal":36,"minecraft:furnace":1,"armorplus:lava_crystal":1,"minecraft:diamond_leggings":1,"minecraft:iron_boots":2,"tombstone:grave_key":20,"minecraft:stone_pickaxe":1,"minecraft:chest":2,"minecraft:wheat":180,"minecraft:cooked_porkchop":22,"minecraft:diamond_axe":1,"minecraft:crafting_table":2,"minecraft:wooden_pickaxe":1,"minecraft:bread":60,"minecraft:air":0,"minecraft:iron_chestplate":1,"minecraft:shield":1,"minecraft:stick":12,"minecraft:iron_ingot":71,"minecraft:iron_pickaxe":1,"minecraft:iron_leggings":2},"minecraft:custom":{"minecraft:interact_with_anvil":2,"minecraft:mob_kills":62,"minecraft:interact_with_crafting_table":19,"minecraft:open_barrel":81,"minecraft:leave_game":15,"minecraft:time_since_death":21267,"minecraft:climb_one_cm":38442,"minecraft:sprint_one_cm":414777,"minecraft:walk_one_cm":317993,"minecraft:damage_blocked_by_shield":2985,"minecraft:drop":68,"minecraft:play_time":256020,"minecraft:deaths":24,"minecraft:sneak_time":23441,"minecraft:walk_under_water_one_cm":3320,"minecraft:jump":2569,"minecraft:walk_on_water_one_cm":7786,"minecraft:total_world_time":256020,"minecraft:interact_with_furnace":19,"tombstone:raider_killed":1,"minecraft:tune_noteblock":7,"minecraft:sleep_in_bed":14,"minecraft:time_since_rest":20705,"minecraft:damage_taken":10472,"minecraft:trigger_trapped_chest":21,"minecraft:damage_dealt":9920,"tombstone:cast_on_ally":1,"minecraft:swim_one_cm":843,"minecraft:fly_one_cm":460040,"minecraft:open_chest":78,"minecraft:crouch_one_cm":64936,"tombstone:undead_killed":36,"minecraft:interact_with_smoker":1,"minecraft:fall_one_cm":128877}},"DataVersion":3465}