{"stats":{"minecraft:killed":{"minecraft:witch":1,"minecraft:spider":7,"minecraft:skeleton":24,"minecraft:silverfish":4,"artifacts:mimic":2,"minecraft:pig":11,"minecraft:zombie":35,"minecraft:glow_squid":1,"minecraft:cow":8,"minecraft:husk":1,"iceandfire:troll":1},"minecraft:killed_by":{"minecraft:magma_cube":1,"minecraft:zombie":1,"minecraft:skeleton":1},"minecraft:used":{"minecraft:oak_sign":8,"minecraft:polished_basalt":4,"minecraft:chest":3,"minecraft:shield":34,"minecraft:iron_sword":39,"minecraft:tuff":121,"armorplus:obsidian_boots":1,"minecraft:lava_bucket":36,"minecraft:grass_block":38,"minecraft:raw_gold_block":2,"minecraft:furnace":2,"minecraft:gray_bed":1,"iceandfire:troll_weapon_hammer":1,"minecraft:stone_pickaxe":92,"minecraft:oak_planks":93,"minecraft:wooden_pickaxe":7,"minecraft:diamond_axe":272,"minecraft:glow_berries":3,"minecraft:gray_concrete":13,"minecraft:dripstone_block":4,"minecraft:black_bed":7,"minecraft:lightning_rod":1,"easy_npc:iron_golem_spawn_egg":1,"minecraft:bread":26,"securitycraft:reinforced_emerald_block":1,"tombstone:grave_key":17,"iceandfire:pixie_house_mushroom_red":1,"minecraft:iron_bars":4,"minecraft:stone_sword":28,"minecraft:red_concrete":1,"simpletomb:grave_key":2,"minecraft:torch":1,"minecraft:dirt":7,"armorplus:obsidian_helmet":1,"minecraft:granite":2,"minecraft:polished_diorite":4,"minecraft:jungle_log":2,"travelersbackpack:cactus":8,"minecraft:iron_boots":1,"tombstone:gift":6,"minecraft:trapped_chest":11,"minecraft:cobbled_deepslate":84,"minecraft:water_bucket":20,"tombstone:scroll_of_reach":1,"minecraft:cyan_candle":3,"minecraft:baked_potato":106,"minecraft:smooth_sandstone_slab":1,"minecraft:crafting_table":7,"securitycraft:reinforced_diamond_block":1,"minecraft:diamond_pickaxe":1007,"minecraft:oxeye_daisy":1,"minecraft:iron_pickaxe":351,"tombstone:magic_scroll":1,"minecraft:stone_axe":94,"minecraft:potion":1,"minecraft:cobblestone":137,"travelersbackpack:standard":7,"minecraft:cooked_porkchop":15,"minecraft:bucket":53,"minecraft:dandelion":1,"minecraft:chainmail_leggings":1},"minecraft:broken":{"minecraft:iron_boots":1,"minecraft:stone_axe":1,"minecraft:diamond_leggings":1,"minecraft:iron_helmet":1},"minecraft:mined":{"minecraft:spruce_planks":4,"minecraft:black_terracotta":1,"minecraft:sculk_vein":3,"armorplus:ore_lava_crystal_stone":10,"minecraft:obsidian":47,"minecraft:granite":35,"minecraft:budding_amethyst":1,"minecraft:grass_block":7,"minecraft:polished_diorite":5,"minecraft:spawner":57,"minecraft:polished_blackstone_bricks":3,"minecraft:sculk_catalyst":2,"minecraft:iron_ore":95,"minecraft:cobbled_deepslate":9,"minecraft:fire":3,"minecraft:deepslate_lapis_ore":27,"minecraft:sculk_shrieker":1,"minecraft:pointed_dripstone":6,"minecraft:iron_bars":5,"armorplus:ore_lava_crystal_obsidian":13,"minecraft:player_head":1,"minecraft:deepslate_redstone_ore":39,"minecraft:cyan_terracotta":4,"minecraft:calcite":3,"minecraft:chest":2,"minecraft:polished_diorite_slab":9,"minecraft:cobblestone":11,"minecraft:sugar_cane":6,"minecraft:oak_planks":2,"minecraft:smooth_sandstone_slab":8,"twilightforest:mangrove_chest":1,"minecraft:amethyst_block":5,"minecraft:white_terracotta":29,"minecraft:wheat":3,"minecraft:black_bed":4,"minecraft:tnt":158,"minecraft:stone_brick_stairs":1,"minecraft:grass":9,"minecraft:oak_log":32,"minecraft:dirt":7,"minecraft:cyan_candle":1,"minecraft:deepslate":117,"minecraft:redstone_lamp":1,"minecraft:yellow_terracotta":2,"minecraft:diamond_ore":2,"minecraft:crying_obsidian":1,"minecraft:tuff":190,"iceandfire:silver_ore":8,"minecraft:mossy_cobblestone":2,"minecraft:deepslate_diamond_ore":4,"iceandfire:pixie_house_birch":1,"armorplus:ore_lava_crystal":2,"iceandfire:deepslate_silver_ore":3,"minecraft:hay_block":21,"minecraft:redstone_ore":19,"minecraft:furnace":2,"minecraft:carrots":4,"minecraft:raw_gold_block":2,"minecraft:polished_basalt":4,"minecraft:andesite":38,"minecraft:black_concrete":2,"minecraft:gold_block":2,"minecraft:polished_deepslate":3,"minecraft:potatoes":1,"minecraft:deepslate_iron_ore":54,"minecraft:stone":157,"minecraft:redstone_block":1,"minecraft:gray_concrete":13,"minecraft:red_banner":1,"travelersbackpack:standard":2,"minecraft:crafting_table":4,"minecraft:rose_bush":1,"minecraft:sculk_sensor":4,"minecraft:lightning_rod":1,"minecraft:tall_grass":2,"minecraft:copper_ore":1,"minecraft:deepslate_coal_ore":5,"minecraft:deepslate_gold_ore":25,"minecraft:lapis_ore":21,"minecraft:red_concrete":1,"minecraft:sculk":9,"minecraft:diorite":1,"minecraft:red_terracotta":7,"minecraft:trapped_chest":4,"minecraft:black_wall_banner":1,"minecraft:birch_leaves":1,"iceandfire:pixie_house_mushroom_red":1,"minecraft:quartz_pillar":6,"minecraft:coal_ore":75,"minecraft:gravel":1,"minecraft:dripstone_block":21,"minecraft:cracked_stone_bricks":3,"minecraft:stone_bricks":21,"minecraft:polished_andesite":14,"minecraft:orange_wall_banner":1,"minecraft:gold_ore":10,"minecraft:infested_stone":3},"minecraft:picked_up":{"minecraft:iron_chestplate":4,"minecraft:redstone_block":1,"minecraft:chainmail_boots":3,"iceandfire:troll_weapon_hammer":1,"artifacts:bunny_hoppers":1,"minecraft:potion":2,"minecraft:enchanted_book":2,"minecraft:amethyst_block":5,"minecraft:polished_deepslate":5,"minecraft:string":16,"minecraft:raw_copper":28,"minecraft:iron_leggings":2,"minecraft:oak_sign":3,"minecraft:cobbled_deepslate":163,"minecraft:smooth_stone":6,"minecraft:spruce_planks":4,"minecraft:rose_bush":1,"minecraft:calcite":3,"minecraft:iron_pickaxe":1,"minecraft:furnace":2,"minecraft:iron_boots":3,"minecraft:stick":3,"minecraft:torch":2,"minecraft:porkchop":22,"minecraft:lightning_rod":1,"minecraft:pointed_dripstone":32,"tombstone:grave_dust":14,"minecraft:diorite":1,"minecraft:stone_sword":3,"minecraft:rotten_flesh":39,"minecraft:polished_basalt":4,"minecraft:white_terracotta":11,"minecraft:obsidian":47,"minecraft:iron_bars":7,"minecraft:cobblestone":173,"minecraft:andesite":39,"minecraft:black_bed":6,"minecraft:potato":1,"minecraft:flint":7,"minecraft:tuff":203,"minecraft:gray_concrete":13,"minecraft:lapis_lazuli":307,"minecraft:dirt":14,"minecraft:bone":41,"minecraft:bow":1,"minecraft:wheat_seeds":7,"minecraft:raw_gold":39,"twilightforest:mangrove_chest":1,"minecraft:cyan_candle":3,"tombstone:scroll_of_reach":1,"minecraft:powered_rail":1,"minecraft:oak_planks":45,"artifacts:rooted_boots":1,"iceandfire:pixie_house_birch":1,"minecraft:diamond_block":2,"minecraft:trapped_chest":3,"minecraft:mossy_cobblestone":2,"minecraft:bundle":2,"minecraft:diamond":16,"artifacts:crystal_heart":1,"minecraft:granite":39,"minecraft:golden_apple":1,"minecraft:golden_horse_armor":1,"minecraft:chainmail_helmet":1,"minecraft:oak_sapling":1,"iceandfire:raw_silver":11,"minecraft:diamond_pickaxe":2,"armorplus:lava_shard":71,"minecraft:charcoal":2,"minecraft:crafting_table":4,"minecraft:clay_ball":16,"minecraft:golden_pickaxe":2,"minecraft:gold_block":2,"minecraft:orange_banner":1,"minecraft:diamond_horse_armor":1,"minecraft:netherite_scrap":1,"minecraft:item_frame":1,"minecraft:iron_shovel":1,"minecraft:cracked_stone_bricks":2,"minecraft:beef":17,"minecraft:player_head":1,"minecraft:minecart":2,"minecraft:sugar_cane":9,"minecraft:chest":3,"minecraft:piston":1,"minecraft:raw_iron":163,"minecraft:raw_gold_block":2,"minecraft:quartz_pillar":2,"minecraft:carrot":148,"minecraft:redstone":252,"minecraft:smooth_sandstone_slab":10,"minecraft:tnt":81,"minecraft:arrow":37,"minecraft:diamond_chestplate":1,"minecraft:hay_block":20,"minecraft:black_banner":1,"minecraft:gold_ingot":9,"minecraft:glow_berries":6,"minecraft:rail":3,"minecraft:oxeye_daisy":1,"minecraft:basalt":1,"minecraft:glow_ink_sac":2,"minecraft:leather":6,"iceandfire:troll_leather_mountain":2,"minecraft:oak_log":57,"minecraft:chainmail_chestplate":3,"minecraft:gunpowder":8,"tombstone:gift":3,"iceandfire:pixie_house_mushroom_red":1,"armorplus:lava_crystal":4,"minecraft:stone_bricks":19,"minecraft:iron_ingot":18,"minecraft:glass_bottle":5,"minecraft:gray_bed":3,"minecraft:iron_sword":2,"minecraft:dandelion":2,"minecraft:dripstone_block":44,"minecraft:lava_bucket":1,"minecraft:gravel":2,"minecraft:amethyst_shard":6,"minecraft:red_banner":1,"minecraft:crying_obsidian":4,"minecraft:spider_eye":13,"travelersbackpack:standard":2,"minecraft:diamond_shovel":1,"minecraft:polished_diorite":4,"minecraft:stone_axe":2,"minecraft:chainmail_leggings":5,"minecraft:painting":1,"tombstone:magic_scroll":1,"minecraft:baked_potato":55,"minecraft:red_concrete":1,"minecraft:coal":168},"minecraft:dropped":{"minecraft:iron_sword":1,"minecraft:piston":1,"minecraft:lapis_lazuli":5,"minecraft:baked_potato":1,"minecraft:oak_log":25,"minecraft:golden_pickaxe":1,"minecraft:leather":7,"minecraft:quartz_pillar":2,"minecraft:item_frame":1,"minecraft:flint":7,"minecraft:amethyst_shard":6,"minecraft:bone":27,"minecraft:gravel":2,"minecraft:stone_axe":1,"minecraft:cobbled_deepslate":5,"minecraft:rotten_flesh":8,"minecraft:oak_planks":43,"iceandfire:troll_leather_mountain":2,"minecraft:chainmail_chestplate":2,"minecraft:gunpowder":2,"minecraft:charcoal":2,"minecraft:chest":2,"minecraft:chainmail_boots":3,"minecraft:painting":1,"minecraft:basalt":1,"minecraft:iron_bars":2,"minecraft:arrow":32,"minecraft:iron_ingot":11,"minecraft:wheat_seeds":5,"minecraft:golden_horse_armor":1,"simpletomb:grave_key":1,"minecraft:cobblestone":21,"minecraft:amethyst_block":5,"minecraft:granite":34,"minecraft:chainmail_helmet":1,"minecraft:stick":1,"minecraft:diorite":1,"tombstone:grave_key":1,"minecraft:gray_bed":1,"minecraft:brown_wool":4,"tombstone:grave_dust":7,"minecraft:iron_leggings":1,"minecraft:smooth_sandstone_slab":5,"artifacts:rooted_boots":1,"minecraft:chainmail_leggings":4,"minecraft:iron_shovel":1,"minecraft:string":16,"minecraft:bucket":1,"minecraft:dandelion":1,"minecraft:polished_deepslate":1,"minecraft:furnace":2,"minecraft:stone_sword":1,"minecraft:raw_copper":24,"minecraft:tuff":64,"minecraft:iron_boots":1,"minecraft:white_terracotta":11,"minecraft:potato":1,"minecraft:shield":1,"minecraft:diamond_chestplate":1,"minecraft:bundle":1,"minecraft:spruce_planks":32,"minecraft:iron_chestplate":2,"minecraft:diamond_pickaxe":1,"minecraft:andesite":22,"minecraft:oak_sapling":1,"minecraft:stone_bricks":16,"minecraft:spider_eye":6,"minecraft:bow":1,"minecraft:wooden_pickaxe":1,"artifacts:snowshoes":1},"minecraft:crafted":{"minecraft:oak_planks":128,"minecraft:diamond_leggings":1,"minecraft:iron_boots":2,"tombstone:grave_key":44,"minecraft:chest":2,"minecraft:cooked_porkchop":22,"minecraft:diamond_axe":1,"minecraft:crafting_table":2,"minecraft:wooden_pickaxe":1,"minecraft:iron_chestplate":1,"minecraft:shield":2,"minecraft:stick":12,"minecraft:iron_pickaxe":1,"minecraft:iron_ingot":98,"minecraft:gold_ingot":9,"minecraft:coal":36,"armorplus:compressed_obsidian":4,"minecraft:furnace":1,"armorplus:lava_crystal":1,"minecraft:diamond":18,"minecraft:stone_pickaxe":1,"armorplus:obsidian_boots":1,"minecraft:wheat":180,"minecraft:bread":60,"minecraft:air":0,"armorplus:obsidian_stick":4,"minecraft:iron_leggings":2},"minecraft:custom":{"minecraft:interact_with_crafting_table":23,"minecraft:open_barrel":121,"minecraft:leave_game":55,"minecraft:time_since_death":1664,"minecraft:damage_resisted":102,"minecraft:sprint_one_cm":814751,"minecraft:damage_blocked_by_shield":4275,"minecraft:drop":140,"minecraft:play_time":484198,"minecraft:deaths":60,"minecraft:jump":5035,"minecraft:walk_on_water_one_cm":42562,"minecraft:interact_with_furnace":19,"minecraft:sleep_in_bed":16,"tombstone:sneak_grave":5,"minecraft:damage_dealt":17957,"minecraft:crouch_one_cm":88604,"tombstone:undead_killed":60,"minecraft:interact_with_smoker":1,"minecraft:inspect_dispenser":1,"minecraft:mob_kills":101,"minecraft:interact_with_anvil":2,"minecraft:climb_one_cm":40055,"minecraft:walk_one_cm":571350,"minecraft:sneak_time":36465,"minecraft:walk_under_water_one_cm":11896,"minecraft:total_world_time":484198,"tombstone:raider_killed":1,"minecraft:tune_noteblock":8,"minecraft:time_since_rest":652,"minecraft:damage_taken":28578,"minecraft:trigger_trapped_chest":23,"tombstone:cast_on_ally":1,"minecraft:swim_one_cm":12501,"minecraft:fly_one_cm":1437905,"minecraft:open_chest":137,"minecraft:fall_one_cm":281030}},"DataVersion":3465}