{"stats":{"minecraft:killed":{"minecraft:witch":1,"minecraft:spider":4,"minecraft:skeleton":23,"minecraft:silverfish":4,"artifacts:mimic":1,"minecraft:husk":1,"minecraft:pig":11,"iceandfire:troll":1,"minecraft:zombie":25,"minecraft:glow_squid":1,"minecraft:cow":8},"minecraft:used":{"minecraft:iron_bars":2,"minecraft:stone_sword":28,"minecraft:red_concrete":1,"minecraft:oak_sign":8,"minecraft:chest":3,"minecraft:shield":31,"simpletomb:grave_key":2,"minecraft:torch":1,"minecraft:dirt":7,"minecraft:tuff":121,"minecraft:polished_diorite":4,"minecraft:lava_bucket":31,"minecraft:grass_block":38,"minecraft:jungle_log":2,"travelersbackpack:cactus":8,"minecraft:iron_boots":1,"minecraft:raw_gold_block":2,"minecraft:furnace":2,"minecraft:gray_bed":1,"tombstone:gift":6,"minecraft:trapped_chest":11,"iceandfire:troll_weapon_hammer":1,"minecraft:cobbled_deepslate":84,"minecraft:water_bucket":10,"minecraft:baked_potato":67,"minecraft:oak_planks":93,"minecraft:stone_pickaxe":92,"minecraft:cyan_candle":3,"minecraft:wooden_pickaxe":7,"minecraft:diamond_axe":231,"minecraft:glow_berries":3,"minecraft:crafting_table":6,"minecraft:black_bed":7,"minecraft:dripstone_block":4,"minecraft:lightning_rod":1,"securitycraft:reinforced_diamond_block":1,"minecraft:diamond_pickaxe":768,"minecraft:oxeye_daisy":1,"easy_npc:iron_golem_spawn_egg":1,"minecraft:iron_pickaxe":351,"securitycraft:reinforced_emerald_block":1,"minecraft:bread":26,"tombstone:grave_key":12,"minecraft:stone_axe":94,"minecraft:potion":1,"travelersbackpack:standard":6,"minecraft:cobblestone":122,"minecraft:cooked_porkchop":15,"minecraft:bucket":38,"minecraft:dandelion":1,"minecraft:chainmail_leggings":1},"minecraft:broken":{"minecraft:iron_boots":1,"minecraft:stone_axe":1},"minecraft:mined":{"minecraft:crying_obsidian":1,"minecraft:diamond_ore":2,"minecraft:tuff":190,"minecraft:spruce_planks":4,"iceandfire:silver_ore":6,"minecraft:mossy_cobblestone":2,"minecraft:deepslate_diamond_ore":4,"minecraft:sculk_vein":3,"armorplus:ore_lava_crystal_stone":7,"minecraft:obsidian":3,"minecraft:granite":10,"minecraft:budding_amethyst":1,"minecraft:grass_block":7,"armorplus:ore_lava_crystal":2,"iceandfire:deepslate_silver_ore":3,"minecraft:polished_diorite":5,"minecraft:spawner":37,"minecraft:hay_block":21,"minecraft:redstone_ore":18,"minecraft:sculk_catalyst":2,"minecraft:furnace":2,"minecraft:carrots":4,"minecraft:raw_gold_block":2,"minecraft:iron_ore":89,"minecraft:fire":1,"minecraft:cobbled_deepslate":9,"minecraft:andesite":30,"minecraft:black_concrete":2,"minecraft:deepslate_lapis_ore":27,"minecraft:gold_block":2,"minecraft:sculk_shrieker":1,"minecraft:polished_deepslate":3,"minecraft:potatoes":1,"minecraft:pointed_dripstone":6,"minecraft:deepslate_iron_ore":54,"minecraft:iron_bars":3,"armorplus:ore_lava_crystal_obsidian":13,"minecraft:stone":132,"minecraft:player_head":1,"minecraft:deepslate_redstone_ore":36,"minecraft:redstone_block":1,"minecraft:red_banner":1,"travelersbackpack:standard":2,"minecraft:crafting_table":4,"minecraft:calcite":3,"minecraft:chest":2,"minecraft:rose_bush":1,"minecraft:sculk_sensor":4,"minecraft:polished_diorite_slab":9,"minecraft:lightning_rod":1,"minecraft:tall_grass":2,"minecraft:cobblestone":10,"minecraft:deepslate_coal_ore":5,"twilightforest:mangrove_chest":1,"minecraft:oak_planks":2,"minecraft:deepslate_gold_ore":22,"minecraft:lapis_ore":21,"minecraft:sugar_cane":6,"minecraft:red_concrete":1,"minecraft:smooth_sandstone_slab":4,"minecraft:sculk":9,"minecraft:diorite":1,"minecraft:amethyst_block":5,"minecraft:white_terracotta":29,"minecraft:trapped_chest":4,"minecraft:wheat":3,"minecraft:black_wall_banner":1,"minecraft:stone_brick_stairs":1,"minecraft:black_bed":4,"minecraft:quartz_pillar":6,"minecraft:tnt":158,"minecraft:grass":9,"minecraft:coal_ore":52,"minecraft:oak_log":32,"minecraft:gravel":1,"minecraft:dirt":7,"minecraft:dripstone_block":21,"minecraft:cracked_stone_bricks":3,"minecraft:stone_bricks":4,"minecraft:polished_andesite":3,"minecraft:gold_ore":10,"minecraft:orange_wall_banner":1,"minecraft:deepslate":117,"minecraft:cyan_candle":1,"minecraft:redstone_lamp":1,"minecraft:infested_stone":3},"minecraft:picked_up":{"minecraft:charcoal":2,"minecraft:iron_chestplate":3,"minecraft:crafting_table":4,"minecraft:redstone_block":1,"minecraft:chainmail_boots":3,"iceandfire:troll_weapon_hammer":1,"minecraft:clay_ball":16,"minecraft:golden_pickaxe":2,"artifacts:bunny_hoppers":1,"minecraft:enchanted_book":1,"minecraft:gold_block":2,"minecraft:orange_banner":1,"minecraft:potion":2,"minecraft:amethyst_block":5,"minecraft:polished_deepslate":4,"minecraft:string":14,"minecraft:raw_copper":11,"minecraft:iron_leggings":2,"minecraft:item_frame":1,"minecraft:iron_shovel":1,"minecraft:oak_sign":3,"minecraft:cracked_stone_bricks":2,"minecraft:smooth_stone":6,"minecraft:cobbled_deepslate":163,"minecraft:spruce_planks":4,"minecraft:beef":17,"minecraft:rose_bush":1,"minecraft:player_head":1,"minecraft:calcite":3,"minecraft:iron_pickaxe":1,"minecraft:minecart":2,"minecraft:sugar_cane":9,"minecraft:chest":3,"minecraft:piston":1,"minecraft:iron_boots":3,"minecraft:furnace":2,"minecraft:raw_iron":157,"minecraft:stick":3,"minecraft:raw_gold_block":2,"minecraft:torch":1,"minecraft:porkchop":22,"minecraft:lightning_rod":1,"minecraft:quartz_pillar":2,"minecraft:pointed_dripstone":32,"tombstone:grave_dust":12,"minecraft:diorite":1,"minecraft:carrot":148,"minecraft:redstone":229,"minecraft:smooth_sandstone_slab":6,"minecraft:tnt":81,"minecraft:stone_sword":3,"minecraft:arrow":35,"minecraft:rotten_flesh":36,"minecraft:hay_block":20,"minecraft:black_banner":1,"minecraft:white_terracotta":11,"minecraft:glow_berries":6,"minecraft:obsidian":3,"minecraft:iron_bars":3,"minecraft:rail":3,"minecraft:cobblestone":147,"minecraft:oxeye_daisy":1,"minecraft:glow_ink_sac":2,"minecraft:andesite":31,"minecraft:black_bed":6,"minecraft:leather":6,"iceandfire:troll_leather_mountain":2,"minecraft:potato":1,"minecraft:flint":7,"minecraft:tuff":203,"minecraft:oak_log":57,"minecraft:chainmail_chestplate":3,"minecraft:gunpowder":8,"minecraft:lapis_lazuli":307,"minecraft:dirt":14,"tombstone:gift":3,"armorplus:lava_crystal":4,"minecraft:bone":35,"minecraft:stone_bricks":3,"minecraft:bow":1,"minecraft:wheat_seeds":7,"minecraft:raw_gold":36,"minecraft:iron_ingot":12,"twilightforest:mangrove_chest":1,"minecraft:cyan_candle":3,"minecraft:glass_bottle":5,"minecraft:powered_rail":1,"minecraft:gray_bed":2,"minecraft:oak_planks":45,"minecraft:iron_sword":2,"minecraft:dandelion":2,"minecraft:dripstone_block":44,"minecraft:gravel":2,"minecraft:lava_bucket":1,"minecraft:amethyst_shard":2,"minecraft:red_banner":1,"minecraft:crying_obsidian":1,"minecraft:spider_eye":12,"minecraft:trapped_chest":3,"minecraft:mossy_cobblestone":2,"minecraft:bundle":2,"travelersbackpack:standard":2,"minecraft:diamond_shovel":1,"minecraft:stone_axe":2,"minecraft:diamond":6,"minecraft:polished_diorite":4,"artifacts:crystal_heart":1,"minecraft:chainmail_leggings":5,"minecraft:granite":11,"minecraft:painting":1,"minecraft:golden_apple":1,"minecraft:chainmail_helmet":1,"minecraft:baked_potato":54,"tombstone:magic_scroll":1,"minecraft:oak_sapling":1,"minecraft:red_concrete":1,"minecraft:coal":145,"iceandfire:raw_silver":9,"armorplus:lava_shard":67},"minecraft:dropped":{"minecraft:iron_ingot":11,"minecraft:iron_sword":1,"minecraft:piston":1,"minecraft:wheat_seeds":5,"minecraft:lapis_lazuli":5,"minecraft:oak_log":25,"minecraft:golden_pickaxe":1,"minecraft:cobblestone":10,"minecraft:leather":7,"minecraft:amethyst_block":5,"minecraft:granite":11,"minecraft:quartz_pillar":2,"minecraft:chainmail_helmet":1,"minecraft:flint":7,"minecraft:item_frame":1,"minecraft:stick":1,"minecraft:diorite":1,"minecraft:gray_bed":1,"tombstone:grave_dust":7,"minecraft:iron_leggings":1,"minecraft:smooth_sandstone_slab":2,"minecraft:iron_shovel":1,"minecraft:chainmail_leggings":4,"minecraft:string":14,"minecraft:bucket":1,"minecraft:dandelion":1,"minecraft:polished_deepslate":1,"minecraft:bone":20,"minecraft:gravel":2,"minecraft:furnace":2,"minecraft:stone_axe":1,"minecraft:stone_sword":1,"minecraft:cobbled_deepslate":5,"minecraft:tuff":64,"minecraft:rotten_flesh":6,"minecraft:oak_planks":43,"minecraft:iron_boots":1,"iceandfire:troll_leather_mountain":2,"minecraft:white_terracotta":11,"minecraft:chainmail_chestplate":2,"minecraft:potato":1,"minecraft:shield":1,"minecraft:gunpowder":2,"minecraft:spruce_planks":32,"minecraft:bundle":1,"minecraft:iron_chestplate":2,"minecraft:charcoal":2,"minecraft:andesite":14,"minecraft:oak_sapling":1,"minecraft:chainmail_boots":3,"minecraft:chest":2,"minecraft:spider_eye":5,"minecraft:painting":1,"minecraft:bow":1,"minecraft:arrow":30,"minecraft:wooden_pickaxe":1},"minecraft:crafted":{"minecraft:oak_planks":128,"minecraft:coal":36,"minecraft:furnace":1,"armorplus:lava_crystal":1,"minecraft:diamond_leggings":1,"minecraft:iron_boots":2,"tombstone:grave_key":26,"minecraft:stone_pickaxe":1,"minecraft:chest":2,"minecraft:wheat":180,"minecraft:cooked_porkchop":22,"minecraft:diamond_axe":1,"minecraft:crafting_table":2,"minecraft:wooden_pickaxe":1,"minecraft:bread":60,"minecraft:air":0,"minecraft:iron_chestplate":1,"minecraft:shield":2,"minecraft:stick":12,"minecraft:iron_ingot":71,"minecraft:iron_pickaxe":1,"armorplus:obsidian_stick":4,"minecraft:iron_leggings":2},"minecraft:custom":{"minecraft:interact_with_anvil":2,"minecraft:mob_kills":81,"minecraft:interact_with_crafting_table":19,"minecraft:open_barrel":108,"minecraft:leave_game":39,"minecraft:time_since_death":29960,"minecraft:climb_one_cm":39392,"minecraft:sprint_one_cm":560232,"minecraft:walk_one_cm":450033,"minecraft:damage_blocked_by_shield":3915,"minecraft:drop":97,"minecraft:play_time":371815,"minecraft:deaths":32,"minecraft:sneak_time":29839,"minecraft:walk_under_water_one_cm":7954,"minecraft:jump":3605,"minecraft:walk_on_water_one_cm":21756,"minecraft:total_world_time":371815,"minecraft:interact_with_furnace":19,"tombstone:raider_killed":1,"minecraft:tune_noteblock":8,"minecraft:sleep_in_bed":14,"minecraft:time_since_rest":29288,"minecraft:damage_taken":14125,"minecraft:trigger_trapped_chest":23,"minecraft:damage_dealt":14898,"tombstone:cast_on_ally":1,"minecraft:swim_one_cm":7059,"minecraft:fly_one_cm":942360,"minecraft:crouch_one_cm":75150,"minecraft:open_chest":95,"tombstone:undead_killed":49,"minecraft:interact_with_smoker":1,"minecraft:fall_one_cm":197589}},"DataVersion":3465}