{"stats":{"minecraft:custom":{"minecraft:time_since_rest":3579,"minecraft:sprint_one_cm":43823,"minecraft:damage_taken":474,"minecraft:walk_one_cm":41799,"minecraft:trigger_trapped_chest":18,"minecraft:mob_kills":4,"minecraft:drop":1,"minecraft:damage_dealt":400,"minecraft:fly_one_cm":110255,"minecraft:crouch_one_cm":3071,"minecraft:play_time":72859,"minecraft:deaths":2,"minecraft:sneak_time":1209,"minecraft:jump":492,"minecraft:leave_game":5,"minecraft:walk_on_water_one_cm":1865,"minecraft:time_since_death":3941,"minecraft:sleep_in_bed":5,"minecraft:total_world_time":72859,"minecraft:fall_one_cm":20500},"minecraft:used":{"securitycraft:reinforced_diamond_block":1,"minecraft:water_bucket":2,"minecraft:oxeye_daisy":1,"easy_npc:iron_golem_spawn_egg":1,"minecraft:grass_block":38,"minecraft:baked_potato":7,"minecraft:oak_sign":8,"minecraft:jungle_log":2,"securitycraft:reinforced_emerald_block":1,"simpletomb:grave_key":1,"minecraft:stone_axe":47,"minecraft:dirt":7,"tombstone:gift":2,"minecraft:trapped_chest":10,"minecraft:black_bed":4,"minecraft:dandelion":1},"minecraft:killed":{"minecraft:cow":4},"minecraft:dropped":{"minecraft:wheat_seeds":1},"minecraft:mined":{"minecraft:hay_block":21,"minecraft:carrots":4,"minecraft:trapped_chest":2,"minecraft:wheat":3,"minecraft:black_bed":2,"minecraft:grass":4,"minecraft:potatoes":1,"minecraft:grass_block":5,"minecraft:oak_log":32,"minecraft:dirt":2,"minecraft:tall_grass":2},"minecraft:crafted":{"minecraft:oak_planks":24},"minecraft:picked_up":{"minecraft:stick":1,"minecraft:chainmail_boots":2,"minecraft:black_bed":4,"minecraft:leather":3,"minecraft:dandelion":2,"minecraft:potato":1,"minecraft:oak_log":32,"minecraft:chainmail_chestplate":2,"tombstone:grave_dust":1,"minecraft:carrot":139,"minecraft:trapped_chest":2,"minecraft:dirt":7,"tombstone:gift":1,"minecraft:stone_sword":2,"minecraft:oak_sign":3,"minecraft:stone_axe":2,"minecraft:wheat_seeds":6,"minecraft:chainmail_leggings":2,"minecraft:hay_block":20,"minecraft:beef":9,"minecraft:chainmail_helmet":1,"minecraft:baked_potato":54,"minecraft:oak_sapling":1,"minecraft:oxeye_daisy":1}},"DataVersion":3465}