{"stats":{"minecraft:killed":{"minecraft:witch":1,"minecraft:spider":7,"minecraft:skeleton":24,"minecraft:silverfish":4,"artifacts:mimic":2,"minecraft:pig":11,"minecraft:zombie":35,"minecraft:glow_squid":1,"minecraft:cow":8,"minecraft:husk":1,"iceandfire:troll":1,"iceandfire:ghost":3},"minecraft:killed_by":{"minecraft:magma_cube":1,"minecraft:zombie":2,"minecraft:skeleton":1},"minecraft:used":{"minecraft:oak_sign":8,"minecraft:polished_basalt":4,"minecraft:chest":48,"minecraft:shield":35,"minecraft:stone":14,"minecraft:iron_sword":58,"minecraft:tuff":122,"armorplus:obsidian_boots":2,"minecraft:milk_bucket":1,"minecraft:lava_bucket":41,"minecraft:bricks":90,"minecraft:quartz_pillar":1,"minecraft:grass_block":38,"armorplus:obsidian_leggings":1,"minecraft:raw_gold_block":2,"minecraft:furnace":2,"minecraft:gray_bed":1,"iceandfire:pixie_jar_empty":2,"iceandfire:troll_weapon_hammer":5,"minecraft:stone_pickaxe":92,"minecraft:oak_planks":93,"minecraft:ender_pearl":1,"minecraft:wooden_pickaxe":7,"minecraft:diamond_axe":272,"securitycraft:reinforced_glass_pane":6,"minecraft:glow_berries":3,"securitycraft:universal_block_remover":1,"minecraft:gray_concrete":13,"minecraft:dripstone_block":8,"minecraft:black_bed":7,"iceandfire:pixie_jar_0":2,"minecraft:lightning_rod":1,"easy_npc:iron_golem_spawn_egg":1,"minecraft:bread":26,"minecraft:cyan_bed":4,"securitycraft:reinforced_emerald_block":1,"tombstone:grave_key":19,"iceandfire:pixie_house_mushroom_red":1,"iceandfire:fire_lily":1,"minecraft:white_concrete":288,"minecraft:iron_bars":4,"minecraft:stone_sword":28,"minecraft:red_concrete":1,"simpletomb:grave_key":2,"minecraft:torch":58,"minecraft:dirt":7,"armorplus:obsidian_helmet":2,"securitycraft:reinforced_stone":148,"minecraft:granite":2,"minecraft:polished_diorite":4,"minecraft:jungle_log":2,"travelersbackpack:cactus":8,"minecraft:iron_boots":1,"tombstone:gift":6,"minecraft:trapped_chest":11,"minecraft:cobbled_deepslate":97,"travelersbackpack:fox":1,"iceandfire:pixie_jar_3":3,"minecraft:water_bucket":28,"tombstone:scroll_of_reach":1,"minecraft:cyan_candle":3,"minecraft:baked_potato":125,"minecraft:smooth_sandstone_slab":1,"minecraft:crafting_table":8,"minecraft:cod":1,"securitycraft:reinforced_diamond_block":1,"minecraft:diamond_pickaxe":1472,"minecraft:oxeye_daisy":1,"minecraft:diamond_shovel":9,"minecraft:iron_pickaxe":351,"tombstone:magic_scroll":1,"minecraft:stone_axe":94,"armorplus:obsidian_chestplate":1,"minecraft:potion":1,"minecraft:cobblestone":149,"travelersbackpack:standard":11,"minecraft:cooked_porkchop":15,"minecraft:bucket":63,"minecraft:wither_rose":1,"minecraft:dandelion":1,"minecraft:chainmail_leggings":1},"minecraft:broken":{"minecraft:iron_boots":1,"minecraft:iron_chestplate":1,"minecraft:stone_axe":1,"minecraft:diamond_leggings":1,"minecraft:iron_helmet":1},"minecraft:mined":{"minecraft:spruce_planks":4,"minecraft:black_terracotta":1,"minecraft:sculk_vein":3,"armorplus:ore_lava_crystal_stone":10,"minecraft:obsidian":47,"minecraft:granite":35,"minecraft:budding_amethyst":1,"minecraft:grass_block":7,"minecraft:white_concrete":3,"minecraft:polished_diorite":5,"minecraft:spawner":58,"minecraft:polished_blackstone_bricks":3,"minecraft:sculk_catalyst":2,"minecraft:iron_ore":95,"minecraft:cobbled_deepslate":9,"minecraft:fire":3,"minecraft:deepslate_lapis_ore":27,"minecraft:sculk_shrieker":1,"minecraft:pointed_dripstone":6,"minecraft:iron_bars":5,"armorplus:ore_lava_crystal_obsidian":15,"minecraft:player_head":1,"minecraft:deepslate_redstone_ore":41,"minecraft:cyan_terracotta":4,"minecraft:calcite":3,"minecraft:chest":2,"iceandfire:fire_lily":1,"minecraft:polished_diorite_slab":9,"minecraft:cobblestone":17,"minecraft:cyan_bed":2,"minecraft:sugar_cane":6,"minecraft:oak_planks":2,"minecraft:bricks":1,"minecraft:wall_torch":4,"minecraft:smooth_sandstone_slab":8,"twilightforest:mangrove_chest":1,"minecraft:amethyst_block":5,"minecraft:white_terracotta":29,"minecraft:wheat":3,"minecraft:black_bed":4,"minecraft:tnt":158,"minecraft:wither_rose":1,"minecraft:stone_brick_stairs":1,"minecraft:grass":11,"minecraft:oak_log":34,"minecraft:dirt":31,"minecraft:cyan_candle":1,"minecraft:deepslate":130,"minecraft:redstone_lamp":1,"minecraft:yellow_terracotta":2,"minecraft:diamond_ore":2,"minecraft:crying_obsidian":1,"minecraft:tuff":192,"iceandfire:silver_ore":8,"minecraft:mossy_cobblestone":2,"minecraft:deepslate_diamond_ore":4,"iceandfire:pixie_house_birch":1,"armorplus:ore_lava_crystal":2,"iceandfire:deepslate_silver_ore":3,"minecraft:hay_block":21,"minecraft:redstone_ore":19,"minecraft:furnace":2,"minecraft:carrots":4,"minecraft:raw_gold_block":2,"minecraft:polished_basalt":4,"minecraft:andesite":41,"minecraft:black_concrete":2,"minecraft:gold_block":2,"minecraft:polished_deepslate":5,"minecraft:potatoes":1,"minecraft:deepslate_iron_ore":62,"minecraft:vine":1,"minecraft:stone":561,"minecraft:podzol":1,"minecraft:redstone_block":1,"minecraft:gray_concrete":13,"minecraft:red_banner":1,"travelersbackpack:standard":2,"minecraft:crafting_table":4,"minecraft:rose_bush":1,"minecraft:sculk_sensor":4,"minecraft:lightning_rod":1,"minecraft:copper_ore":1,"minecraft:tall_grass":2,"minecraft:deepslate_coal_ore":5,"iceandfire:pixie_jar_0":1,"minecraft:deepslate_gold_ore":26,"minecraft:lapis_ore":21,"minecraft:red_concrete":1,"minecraft:sculk":9,"minecraft:diorite":1,"minecraft:red_terracotta":7,"minecraft:trapped_chest":4,"minecraft:black_wall_banner":1,"minecraft:birch_leaves":1,"iceandfire:pixie_house_mushroom_red":1,"minecraft:quartz_pillar":7,"minecraft:coal_ore":75,"minecraft:gravel":5,"minecraft:dripstone_block":25,"minecraft:cracked_stone_bricks":3,"minecraft:stone_bricks":21,"minecraft:polished_andesite":14,"minecraft:orange_wall_banner":1,"minecraft:gold_ore":10,"minecraft:infested_stone":3},"minecraft:picked_up":{"iceandfire:tide_green_leggings":1,"minecraft:iron_chestplate":5,"minecraft:redstone_block":1,"minecraft:chainmail_boots":4,"iceandfire:troll_weapon_hammer":1,"artifacts:bunny_hoppers":1,"minecraft:smithing_table":1,"minecraft:wither_rose":1,"minecraft:potion":3,"minecraft:enchanted_book":2,"minecraft:amethyst_block":5,"minecraft:polished_deepslate":7,"minecraft:string":16,"minecraft:raw_copper":28,"minecraft:iron_leggings":2,"minecraft:oak_sign":3,"minecraft:cobbled_deepslate":177,"minecraft:smooth_stone":6,"minecraft:bucket":1,"minecraft:spruce_planks":4,"minecraft:rose_bush":1,"minecraft:calcite":3,"minecraft:iron_pickaxe":1,"minecraft:furnace":2,"minecraft:iron_boots":3,"minecraft:stick":3,"minecraft:torch":47,"minecraft:porkchop":22,"minecraft:lightning_rod":1,"minecraft:pointed_dripstone":32,"tombstone:grave_dust":14,"minecraft:diorite":1,"travelersbackpack:iron":1,"minecraft:stone_sword":3,"minecraft:rotten_flesh":49,"minecraft:polished_basalt":4,"minecraft:white_terracotta":11,"minecraft:obsidian":47,"minecraft:iron_bars":7,"minecraft:cobblestone":612,"iceandfire:sapphire_gem":2,"minecraft:andesite":42,"minecraft:black_bed":6,"minecraft:potato":1,"minecraft:flint":8,"minecraft:tuff":206,"minecraft:gray_concrete":13,"minecraft:lapis_lazuli":364,"minecraft:dirt":50,"minecraft:bone":41,"minecraft:bow":1,"minecraft:wheat_seeds":7,"minecraft:raw_gold":40,"twilightforest:mangrove_chest":1,"tombstone:scroll_of_reach":1,"minecraft:cyan_candle":3,"minecraft:powered_rail":1,"minecraft:oak_planks":51,"artifacts:rooted_boots":1,"iceandfire:pixie_house_birch":1,"securitycraft:reinforced_stone":2,"minecraft:diamond_block":2,"minecraft:cyan_bed":3,"minecraft:trapped_chest":3,"minecraft:mossy_cobblestone":2,"minecraft:bundle":2,"minecraft:polished_andesite":4,"minecraft:diamond":16,"artifacts:crystal_heart":1,"minecraft:netherite_helmet":1,"minecraft:granite":39,"minecraft:golden_apple":1,"minecraft:white_concrete":3,"minecraft:chainmail_helmet":1,"minecraft:golden_horse_armor":1,"minecraft:bread":32,"minecraft:oak_sapling":1,"minecraft:bricks":2,"iceandfire:raw_silver":11,"minecraft:diamond_pickaxe":2,"armorplus:lava_shard":80,"minecraft:charcoal":2,"minecraft:crafting_table":7,"iceandfire:fire_lily":1,"minecraft:clay_ball":16,"minecraft:golden_pickaxe":2,"minecraft:gold_block":2,"minecraft:orange_banner":1,"minecraft:diamond_horse_armor":1,"iceandfire:frozen_cobblestone":4,"minecraft:netherite_scrap":1,"minecraft:item_frame":1,"minecraft:iron_shovel":1,"minecraft:cracked_stone_bricks":2,"minecraft:beef":17,"minecraft:player_head":1,"minecraft:minecart":2,"minecraft:sugar_cane":9,"minecraft:chest":8,"minecraft:piston":1,"minecraft:raw_iron":171,"minecraft:raw_gold_block":2,"minecraft:quartz_pillar":4,"minecraft:carrot":148,"minecraft:redstone":261,"minecraft:smooth_sandstone_slab":10,"minecraft:tnt":81,"iceandfire:pixie_jar_0":2,"minecraft:arrow":37,"minecraft:diamond_chestplate":1,"minecraft:hay_block":20,"minecraft:black_banner":1,"minecraft:gold_ingot":9,"minecraft:glow_berries":6,"minecraft:rail":3,"minecraft:oxeye_daisy":1,"minecraft:basalt":1,"iceandfire:sea_serpent_fang":3,"minecraft:glow_ink_sac":2,"minecraft:leather":6,"iceandfire:troll_leather_mountain":2,"minecraft:oak_log":59,"minecraft:chainmail_chestplate":3,"minecraft:gunpowder":8,"tombstone:gift":3,"iceandfire:pixie_house_mushroom_red":1,"armorplus:lava_crystal":4,"iceandfire:pixie_jar_empty":2,"minecraft:stone_bricks":19,"minecraft:iron_ingot":21,"securitycraft:universal_block_reinforcer_lvl1":2,"minecraft:glass_bottle":5,"minecraft:gray_bed":3,"minecraft:iron_sword":3,"minecraft:polished_andesite_stairs":1,"minecraft:dandelion":2,"minecraft:dripstone_block":48,"minecraft:gravel":5,"minecraft:lava_bucket":1,"minecraft:amethyst_shard":6,"minecraft:red_banner":1,"minecraft:crying_obsidian":4,"minecraft:spider_eye":13,"travelersbackpack:fox":3,"travelersbackpack:standard":2,"minecraft:diamond_shovel":1,"minecraft:polished_diorite":4,"minecraft:stone_axe":2,"minecraft:chainmail_leggings":5,"minecraft:painting":1,"minecraft:baked_potato":55,"tombstone:magic_scroll":1,"minecraft:red_concrete":1,"minecraft:coal":170,"minecraft:ender_pearl":2},"minecraft:dropped":{"minecraft:iron_sword":4,"minecraft:piston":1,"minecraft:diamond_axe":1,"minecraft:lapis_lazuli":5,"minecraft:baked_potato":1,"minecraft:oak_log":25,"minecraft:golden_pickaxe":1,"minecraft:ender_pearl":2,"minecraft:crafting_table":3,"minecraft:leather":7,"minecraft:quartz_pillar":3,"minecraft:black_banner":1,"minecraft:item_frame":1,"minecraft:flint":8,"minecraft:dirt":13,"minecraft:red_bed":1,"minecraft:amethyst_shard":6,"armorplus:obsidian_boots":1,"minecraft:bone":27,"minecraft:gravel":5,"minecraft:stone_axe":1,"minecraft:cobbled_deepslate":6,"minecraft:rotten_flesh":18,"minecraft:oak_planks":49,"iceandfire:troll_leather_mountain":2,"armorplus:obsidian_helmet":1,"travelersbackpack:iron":1,"minecraft:chainmail_chestplate":2,"iceandfire:sapphire_gem":2,"minecraft:gunpowder":2,"minecraft:charcoal":2,"minecraft:chainmail_boots":4,"minecraft:chest":2,"minecraft:painting":1,"minecraft:basalt":1,"minecraft:iron_bars":2,"minecraft:arrow":32,"travelersbackpack:fox":4,"minecraft:beef":8,"minecraft:crying_obsidian":8,"artifacts:scarf_of_invisibility":1,"minecraft:iron_ingot":11,"minecraft:bread":32,"minecraft:wheat_seeds":5,"minecraft:golden_horse_armor":1,"minecraft:smithing_table":1,"simpletomb:grave_key":1,"minecraft:netherite_helmet":1,"minecraft:cobblestone":52,"minecraft:amethyst_block":5,"minecraft:granite":34,"minecraft:chainmail_helmet":1,"minecraft:stick":1,"minecraft:polished_andesite":4,"iceandfire:tide_green_leggings":1,"minecraft:diorite":1,"minecraft:torch":53,"tombstone:grave_key":1,"minecraft:gray_bed":1,"minecraft:brown_wool":4,"minecraft:iron_leggings":1,"tombstone:grave_dust":7,"minecraft:potion":2,"minecraft:polished_andesite_stairs":1,"minecraft:smooth_sandstone_slab":5,"artifacts:rooted_boots":1,"minecraft:chainmail_leggings":4,"minecraft:iron_shovel":1,"minecraft:string":16,"minecraft:bucket":3,"minecraft:redstone":200,"minecraft:dandelion":1,"iceandfire:frozen_cobblestone":4,"minecraft:polished_deepslate":3,"securitycraft:reinforced_stone":1,"minecraft:furnace":2,"minecraft:stone_sword":1,"minecraft:raw_copper":24,"minecraft:tuff":66,"minecraft:red_banner":1,"minecraft:iron_boots":1,"minecraft:white_terracotta":11,"minecraft:potato":1,"minecraft:shield":1,"minecraft:diamond_chestplate":1,"minecraft:spruce_planks":32,"minecraft:bundle":1,"minecraft:iron_chestplate":4,"minecraft:diamond_pickaxe":2,"minecraft:andesite":25,"minecraft:oak_sapling":1,"minecraft:spider_eye":6,"minecraft:stone_bricks":16,"minecraft:bow":1,"minecraft:wooden_pickaxe":1,"minecraft:raw_gold":5,"securitycraft:universal_block_reinforcer_lvl1":3,"minecraft:calcite":3,"iceandfire:sea_serpent_fang":3,"minecraft:cyan_bed":1,"artifacts:snowshoes":1},"minecraft:crafted":{"minecraft:oak_planks":136,"minecraft:diamond_leggings":1,"minecraft:iron_boots":2,"tombstone:grave_key":48,"minecraft:chest":2,"minecraft:cooked_porkchop":22,"minecraft:diamond_axe":1,"minecraft:crafting_table":3,"minecraft:wooden_pickaxe":1,"minecraft:iron_chestplate":1,"minecraft:shield":2,"minecraft:stick":12,"minecraft:iron_ingot":98,"minecraft:iron_pickaxe":1,"minecraft:gold_ingot":9,"minecraft:coal":36,"armorplus:compressed_obsidian":4,"minecraft:furnace":1,"armorplus:lava_crystal":1,"minecraft:diamond":18,"minecraft:stone_pickaxe":1,"armorplus:obsidian_boots":1,"minecraft:wheat":180,"iceandfire:pixie_jar_empty":1,"minecraft:bread":60,"minecraft:air":0,"armorplus:obsidian_stick":4,"minecraft:iron_leggings":2},"minecraft:custom":{"minecraft:interact_with_crafting_table":25,"minecraft:open_barrel":122,"minecraft:leave_game":56,"minecraft:time_since_death":104656,"minecraft:damage_resisted":102,"minecraft:sprint_one_cm":900534,"minecraft:damage_blocked_by_shield":4320,"minecraft:drop":212,"minecraft:play_time":597653,"minecraft:deaths":73,"tombstone:tomb_raiding":1,"minecraft:jump":5990,"minecraft:walk_on_water_one_cm":54870,"minecraft:interact_with_furnace":19,"minecraft:sleep_in_bed":19,"tombstone:sneak_grave":6,"minecraft:damage_dealt":19512,"minecraft:crouch_one_cm":110888,"tombstone:undead_killed":63,"minecraft:interact_with_smoker":1,"minecraft:inspect_dispenser":1,"minecraft:interact_with_smithing_table":2,"minecraft:interact_with_anvil":2,"minecraft:mob_kills":104,"minecraft:climb_one_cm":40879,"minecraft:walk_one_cm":760003,"minecraft:sneak_time":42997,"minecraft:walk_under_water_one_cm":21101,"minecraft:total_world_time":597653,"tombstone:raider_killed":1,"minecraft:tune_noteblock":8,"minecraft:time_since_rest":48554,"minecraft:damage_taken":33043,"minecraft:trigger_trapped_chest":26,"tombstone:cast_on_ally":1,"minecraft:swim_one_cm":33875,"minecraft:fly_one_cm":1738864,"minecraft:open_chest":163,"minecraft:fall_one_cm":329387}},"DataVersion":3465}