{"stats":{"minecraft:custom":{"minecraft:interact_with_anvil":2,"minecraft:mob_kills":37,"minecraft:interact_with_crafting_table":17,"minecraft:open_barrel":64,"minecraft:leave_game":10,"minecraft:time_since_death":32405,"minecraft:climb_one_cm":10389,"minecraft:sprint_one_cm":268848,"minecraft:walk_one_cm":210014,"minecraft:damage_blocked_by_shield":615,"minecraft:drop":46,"minecraft:play_time":183935,"minecraft:deaths":15,"minecraft:sneak_time":17008,"minecraft:walk_under_water_one_cm":3320,"minecraft:jump":1750,"minecraft:walk_on_water_one_cm":4003,"minecraft:total_world_time":183935,"minecraft:interact_with_furnace":12,"minecraft:tune_noteblock":6,"minecraft:sleep_in_bed":11,"minecraft:time_since_rest":11195,"minecraft:damage_taken":6226,"minecraft:trigger_trapped_chest":21,"minecraft:damage_dealt":4539,"minecraft:swim_one_cm":843,"minecraft:fly_one_cm":307199,"minecraft:open_chest":46,"minecraft:crouch_one_cm":49969,"tombstone:undead_killed":15,"minecraft:interact_with_smoker":1,"minecraft:fall_one_cm":73954},"minecraft:used":{"minecraft:stone_sword":28,"minecraft:red_concrete":1,"minecraft:oak_sign":8,"minecraft:chest":2,"minecraft:shield":12,"simpletomb:grave_key":1,"minecraft:torch":1,"minecraft:dirt":7,"minecraft:tuff":10,"minecraft:polished_diorite":4,"minecraft:lava_bucket":14,"minecraft:grass_block":38,"minecraft:jungle_log":2,"minecraft:iron_boots":1,"minecraft:furnace":2,"minecraft:gray_bed":1,"tombstone:gift":4,"minecraft:trapped_chest":11,"minecraft:cobbled_deepslate":66,"minecraft:water_bucket":4,"minecraft:stone_pickaxe":92,"minecraft:baked_potato":32,"minecraft:oak_planks":42,"minecraft:wooden_pickaxe":7,"minecraft:diamond_axe":33,"minecraft:glow_berries":3,"minecraft:crafting_table":6,"minecraft:dripstone_block":4,"minecraft:black_bed":7,"securitycraft:reinforced_diamond_block":1,"minecraft:diamond_pickaxe":243,"minecraft:oxeye_daisy":1,"easy_npc:iron_golem_spawn_egg":1,"minecraft:bread":13,"minecraft:iron_pickaxe":351,"securitycraft:reinforced_emerald_block":1,"tombstone:grave_key":3,"minecraft:stone_axe":94,"minecraft:cobblestone":119,"minecraft:cooked_porkchop":1,"minecraft:bucket":16,"minecraft:dandelion":1,"minecraft:chainmail_leggings":1},"minecraft:killed":{"minecraft:spider":3,"minecraft:skeleton":6,"minecraft:silverfish":4,"minecraft:pig":11,"minecraft:zombie":9,"minecraft:cow":4},"minecraft:mined":{"minecraft:tuff":134,"minecraft:spruce_planks":4,"iceandfire:silver_ore":1,"minecraft:mossy_cobblestone":2,"minecraft:deepslate_diamond_ore":2,"minecraft:sculk_vein":3,"minecraft:granite":5,"minecraft:grass_block":6,"minecraft:polished_diorite":5,"minecraft:spawner":20,"minecraft:hay_block":21,"minecraft:redstone_ore":8,"minecraft:furnace":2,"minecraft:carrots":4,"minecraft:iron_ore":48,"minecraft:fire":1,"minecraft:andesite":26,"minecraft:black_concrete":2,"minecraft:deepslate_lapis_ore":8,"minecraft:polished_deepslate":3,"minecraft:pointed_dripstone":6,"minecraft:potatoes":1,"minecraft:deepslate_iron_ore":3,"minecraft:iron_bars":3,"minecraft:stone":121,"minecraft:deepslate_redstone_ore":4,"minecraft:redstone_block":1,"minecraft:crafting_table":4,"minecraft:sculk_sensor":4,"minecraft:lightning_rod":1,"minecraft:polished_diorite_slab":9,"minecraft:tall_grass":2,"minecraft:cobblestone":7,"minecraft:deepslate_coal_ore":5,"twilightforest:mangrove_chest":1,"minecraft:red_concrete":1,"minecraft:lapis_ore":5,"minecraft:deepslate_gold_ore":5,"minecraft:oak_planks":2,"minecraft:sculk":4,"minecraft:diorite":1,"minecraft:smooth_sandstone_slab":3,"minecraft:white_terracotta":14,"minecraft:trapped_chest":3,"minecraft:wheat":3,"minecraft:tnt":79,"minecraft:stone_brick_stairs":1,"minecraft:quartz_pillar":4,"minecraft:black_bed":4,"minecraft:grass":5,"minecraft:oak_log":32,"minecraft:coal_ore":41,"minecraft:dripstone_block":20,"minecraft:dirt":7,"minecraft:cracked_stone_bricks":2,"minecraft:polished_andesite":3,"minecraft:stone_bricks":4,"minecraft:gold_ore":4,"minecraft:redstone_lamp":1,"minecraft:deepslate":62,"minecraft:infested_stone":3},"minecraft:dropped":{"minecraft:iron_ingot":11,"minecraft:iron_sword":1,"minecraft:wheat_seeds":5,"minecraft:oak_log":25,"minecraft:leather":6,"minecraft:granite":6,"minecraft:chainmail_helmet":1,"minecraft:stick":1,"minecraft:diorite":1,"tombstone:grave_dust":4,"minecraft:iron_leggings":1,"minecraft:iron_shovel":1,"minecraft:chainmail_leggings":4,"minecraft:string":8,"minecraft:dandelion":1,"minecraft:bone":3,"minecraft:furnace":2,"minecraft:stone_axe":1,"minecraft:tuff":64,"minecraft:rotten_flesh":1,"minecraft:oak_planks":43,"minecraft:iron_boots":1,"minecraft:chainmail_chestplate":2,"minecraft:potato":1,"minecraft:gunpowder":2,"minecraft:spruce_planks":32,"minecraft:iron_chestplate":1,"minecraft:andesite":12,"minecraft:oak_sapling":1,"minecraft:chainmail_boots":3,"minecraft:spider_eye":4,"minecraft:arrow":6,"minecraft:wooden_pickaxe":1},"minecraft:broken":{"minecraft:stone_axe":1},"minecraft:crafted":{"minecraft:oak_planks":128,"minecraft:coal":36,"minecraft:furnace":1,"minecraft:diamond_leggings":1,"minecraft:iron_boots":2,"tombstone:grave_key":11,"minecraft:stone_pickaxe":1,"minecraft:chest":2,"minecraft:wheat":180,"minecraft:cooked_porkchop":8,"minecraft:diamond_axe":1,"minecraft:crafting_table":2,"minecraft:wooden_pickaxe":1,"minecraft:air":0,"minecraft:bread":60,"minecraft:iron_chestplate":1,"minecraft:shield":1,"minecraft:stick":8,"minecraft:iron_pickaxe":1,"minecraft:iron_ingot":32,"minecraft:iron_leggings":2},"minecraft:picked_up":{"minecraft:crafting_table":4,"minecraft:iron_chestplate":2,"minecraft:redstone_block":1,"minecraft:chainmail_boots":3,"minecraft:clay_ball":16,"minecraft:golden_pickaxe":1,"artifacts:bunny_hoppers":1,"minecraft:enchanted_book":1,"minecraft:polished_deepslate":2,"minecraft:string":8,"minecraft:raw_copper":7,"minecraft:iron_leggings":2,"minecraft:iron_shovel":1,"minecraft:oak_sign":3,"minecraft:cracked_stone_bricks":2,"minecraft:cobbled_deepslate":61,"minecraft:smooth_stone":6,"minecraft:spruce_planks":4,"minecraft:beef":9,"minecraft:iron_pickaxe":1,"minecraft:furnace":2,"minecraft:iron_boots":3,"minecraft:stick":1,"minecraft:raw_iron":65,"minecraft:torch":1,"minecraft:porkchop":22,"minecraft:lightning_rod":1,"tombstone:grave_dust":5,"minecraft:pointed_dripstone":32,"minecraft:diorite":1,"minecraft:carrot":148,"minecraft:redstone":51,"minecraft:smooth_sandstone_slab":4,"minecraft:tnt":2,"minecraft:stone_sword":2,"minecraft:arrow":6,"minecraft:rotten_flesh":12,"minecraft:hay_block":20,"minecraft:glow_berries":5,"minecraft:iron_bars":3,"minecraft:rail":1,"minecraft:cobblestone":130,"minecraft:oxeye_daisy":1,"minecraft:andesite":28,"minecraft:black_bed":6,"minecraft:leather":3,"minecraft:potato":1,"minecraft:tuff":150,"minecraft:oak_log":57,"minecraft:chainmail_chestplate":3,"minecraft:gunpowder":8,"minecraft:lapis_lazuli":84,"minecraft:dirt":13,"tombstone:gift":2,"minecraft:bone":17,"minecraft:stone_bricks":3,"minecraft:wheat_seeds":7,"minecraft:raw_gold":9,"minecraft:iron_ingot":12,"twilightforest:mangrove_chest":1,"minecraft:glass_bottle":5,"minecraft:powered_rail":1,"minecraft:iron_sword":2,"minecraft:gray_bed":1,"minecraft:oak_planks":45,"minecraft:dandelion":2,"minecraft:dripstone_block":41,"minecraft:lava_bucket":1,"minecraft:trapped_chest":3,"minecraft:spider_eye":11,"minecraft:mossy_cobblestone":2,"minecraft:diamond_shovel":1,"minecraft:polished_diorite":4,"minecraft:diamond":2,"minecraft:stone_axe":2,"minecraft:chainmail_leggings":5,"minecraft:granite":6,"minecraft:chainmail_helmet":1,"minecraft:baked_potato":54,"minecraft:oak_sapling":1,"minecraft:red_concrete":1,"minecraft:coal":134,"iceandfire:raw_silver":1}},"DataVersion":3465}